"   ","AREACODE","AREANAME","PARENTCODE","AREA_LEVEL"
"1","130431","鸡泽县","1304","3"
"2","130432","广平县","1304","3"
"3","130434","魏县","1304","3"
"4","130435","曲周县","1304","3"
"5","130502","桥东区","1305","3"
"6","130521","邢台县","1305","3"
"7","130522","临城县","1305","3"
"8","130524","柏乡县","1305","3"
"9","130525","隆尧县","1305","3"
"10","130527","南和县","1305","3"
"11","130528","宁晋县","1305","3"
"12","130530","新河县","1305","3"
"13","130531","广宗县","1305","3"
"14","130533","威县","1305","3"
"15","130534","清河县","1305","3"
"16","130581","南宫市","1305","3"
"17","130606","莲池区","1306","3"
"18","130607","满城区","1306","3"
"19","341222","太和县","3412","3"
"20","341226","颍上县","3412","3"
"21","341282","界首市","3412","3"
"22","341321","砀山县","3413","3"
"23","341322","萧县","3413","3"
"24","341324","泗县","3413","3"
"25","341503","裕安区","3415","3"
"26","341504","叶集区","3415","3"
"27","341523","舒城县","3415","3"
"28","341524","金寨县","3415","3"
"29","341602","谯城区","3416","3"
"30","341622","蒙城县","3416","3"
"31","341623","利辛县","3416","3"
"32","341721","东至县","3417","3"
"33","341722","石台县","3417","3"
"34","341802","宣州区","3418","3"
"35","341822","广德县","3418","3"
"36","341823","泾县","3418","3"
"37","341825","旌德县","3418","3"
"38","341881","宁国市","3418","3"
"39","350102","鼓楼区","3501","3"
"40","350105","马尾区","3501","3"
"41","350121","闽侯县","3501","3"
"42","350122","连江县","3501","3"
"43","350124","闽清县","3501","3"
"44","350125","永泰县","3501","3"
"45","350181","福清市","3501","3"
"46","350182","长乐市","3501","3"
"47","350205","海沧区","3502","3"
"48","350206","湖里区","3502","3"
"49","350212","同安区","3502","3"
"50","350213","翔安区","3502","3"
"51","350302","城厢区","3503","3"
"52","350304","荔城区","3503","3"
"53","350322","仙游县","3503","3"
"54","350403","三元区","3504","3"
"55","350421","明溪县","3504","3"
"56","350424","宁化县","3504","3"
"57","350425","大田县","3504","3"
"58","350427","沙县","3504","3"
"59","350428","将乐县","3504","3"
"60","350430","建宁县","3504","3"
"61","350481","永安市","3504","3"
"62","350502","鲤城区","3505","3"
"63","350504","洛江区","3505","3"
"64","350505","泉港区","3505","3"
"65","350524","安溪县","3505","3"
"66","350525","永春县","3505","3"
"67","350527","金门县","3505","3"
"68","350581","石狮市","3505","3"
"69","350583","南安市","3505","3"
"70","350602","芗城区","3506","3"
"71","350622","云霄县","3506","3"
"72","350623","漳浦县","3506","3"
"73","350625","长泰县","3506","3"
"74","350626","东山县","3506","3"
"75","350628","平和县","3506","3"
"76","350702","延平区","3507","3"
"77","350721","顺昌县","3507","3"
"78","350722","浦城县","3507","3"
"79","350724","松溪县","3507","3"
"80","350725","政和县","3507","3"
"81","350782","武夷山市","3507","3"
"82","350783","建瓯市","3507","3"
"83","350803","永定区","3508","3"
"84","350821","长汀县","3508","3"
"85","350824","武平县","3508","3"
"86","350825","连城县","3508","3"
"87","360102","东湖区","3601","3"
"88","360104","青云谱区","3601","3"
"89","360105","湾里区","3601","3"
"90","360112","新建区","3601","3"
"91","360121","南昌县","3601","3"
"92","360124","进贤县","3601","3"
"93","360203","珠山区","3602","3"
"94","360222","浮梁县","3602","3"
"95","360302","安源区","3603","3"
"96","360321","莲花县","3603","3"
"97","360322","上栗县","3603","3"
"98","360402","濂溪区","3604","3"
"99","360421","九江县","3604","3"
"100","360424","修水县","3604","3"
"101","360425","永修县","3604","3"
"102","360428","都昌县","3604","3"
"103","360429","湖口县","3604","3"
"104","360481","瑞昌市","3604","3"
"105","360483","庐山市","3604","3"
"106","360622","余江县","3606","3"
"107","360681","贵溪市","3606","3"
"108","360702","章贡区","3607","3"
"109","360721","赣县","3607","3"
"110","360722","信丰县","3607","3"
"111","360724","上犹县","3607","3"
"112","360725","崇义县","3607","3"
"113","360727","龙南县","3607","3"
"114","360728","定南县","3607","3"
"115","360730","宁都县","3607","3"
"116","360731","于都县","3607","3"
"117","360733","会昌县","3607","3"
"118","360734","寻乌县","3607","3"
"119","360781","瑞金市","3607","3"
"120","360802","吉州区","3608","3"
"121","360821","吉安县","3608","3"
"122","360822","吉水县","3608","3"
"123","360824","新干县","3608","3"
"124","360825","永丰县","3608","3"
"125","360827","遂川县","3608","3"
"126","360828","万安县","3608","3"
"127","360830","永新县","3608","3"
"128","360881","井冈山市","3608","3"
"129","361021","南城县","3610","3"
"130","361022","黎川县","3610","3"
"131","361024","崇仁县","3610","3"
"132","361025","乐安县","3610","3"
"133","361027","金溪县","3610","3"
"134","361028","资溪县","3610","3"
"135","361030","广昌县","3610","3"
"136","361103","广丰区","3611","3"
"137","361121","上饶县","3611","3"
"138","361124","铅山县","3611","3"
"139","361125","横峰县","3611","3"
"140","361127","余干县","3611","3"
"141","361130","婺源县","3611","3"
"142","361181","德兴市","3611","3"
"143","370102","历下区","3701","3"
"144","370203","市北区","3702","3"
"145","370211","黄岛区","3702","3"
"146","370213","李沧区","3702","3"
"147","370214","城阳区","3702","3"
"148","370282","即墨市","3702","3"
"149","370283","平度市","3702","3"
"150","370103","市中区","3701","3"
"151","370104","槐荫区","3701","3"
"152","370112","历城区","3701","3"
"153","370113","长清区","3701","3"
"154","370125","济阳县","3701","3"
"155","370126","商河县","3701","3"
"156","370302","淄川区","3703","3"
"157","370304","博山区","3703","3"
"158","370305","临淄区","3703","3"
"159","370321","桓台县","3703","3"
"160","370322","高青县","3703","3"
"161","370402","市中区","3704","3"
"162","370404","峄城区","3704","3"
"163","370406","山亭区","3704","3"
"164","370481","滕州市","3704","3"
"165","370502","东营区","3705","3"
"166","370505","垦利区","3705","3"
"167","370522","利津县","3705","3"
"168","360902","袁州区","3609","3"
"169","360922","万载县","3609","3"
"170","360923","上高县","3609","3"
"171","360925","靖安县","3609","3"
"172","360926","铜鼓县","3609","3"
"173","360982","樟树市","3609","3"
"174","360983","高安市","3609","3"
"175","370612","牟平区","3706","3"
"176","370634","长岛县","3706","3"
"177","370681","龙口市","3706","3"
"178","370683","莱州市","3706","3"
"179","370684","蓬莱市","3706","3"
"180","370686","栖霞市","3706","3"
"181","370687","海阳市","3706","3"
"182","370703","寒亭区","3707","3"
"183","370704","坊子区","3707","3"
"184","370724","临朐县","3707","3"
"185","370725","昌乐县","3707","3"
"186","370782","诸城市","3707","3"
"187","370785","高密市","3707","3"
"188","370786","昌邑市","3707","3"
"189","370811","任城区","3708","3"
"190","370826","微山县","3708","3"
"191","370827","鱼台县","3708","3"
"192","370830","汶上县","3708","3"
"193","370832","梁山县","3708","3"
"194","370881","曲阜市","3708","3"
"195","370911","岱岳区","3709","3"
"196","370921","宁阳县","3709","3"
"197","370983","肥城市","3709","3"
"198","371002","环翠区","3710","3"
"199","371082","荣成市","3710","3"
"200","371083","乳山市","3710","3"
"201","371103","岚山区","3711","3"
"202","371202","莱城区","3712","3"
"203","371302","兰山区","3713","3"
"204","371312","河东区","3713","3"
"205","371321","沂南县","3713","3"
"206","371323","沂水县","3713","3"
"207","371324","兰陵县","3713","3"
"208","371327","莒南县","3713","3"
"209","371329","临沭县","3713","3"
"210","371403","陵城区","3714","3"
"211","371422","宁津县","3714","3"
"212","371424","临邑县","3714","3"
"213","371425","齐河县","3714","3"
"214","371427","夏津县","3714","3"
"215","371428","武城县","3714","3"
"216","371482","禹城市","3714","3"
"217","371602","滨城区","3716","3"
"218","371621","惠民县","3716","3"
"219","371622","阳信县","3716","3"
"220","371625","博兴县","3716","3"
"221","371626","邹平县","3716","3"
"222","371702","牡丹区","3717","3"
"223","371721","曹县","3717","3"
"224","371723","成武县","3717","3"
"225","371724","巨野县","3717","3"
"226","371726","鄄城县","3717","3"
"227","371728","东明县","3717","3"
"228","410102","中原区","4101","3"
"229","410104","管城回族区","4101","3"
"230","410105","金水区","4101","3"
"231","410108","惠济区","4101","3"
"232","410122","中牟县","4101","3"
"233","410182","荥阳市","4101","3"
"234","410183","新密市","4101","3"
"235","410185","登封市","4101","3"
"236","410203","顺河回族区","4102","3"
"237","410204","鼓楼区","4102","3"
"238","410211","金明区","4102","3"
"239","410212","祥符区","4102","3"
"240","410222","通许县","4102","3"
"241","410225","兰考县","4102","3"
"242","410304","e河回族区","4103","3"
"243","410306","吉利区","4103","3"
"244","410311","洛龙区","4103","3"
"245","410323","新安县","4103","3"
"246","410324","栾川县","4103","3"
"247","410326","汝阳县","4103","3"
"248","410327","宜阳县","4103","3"
"249","410329","伊川县","4103","3"
"250","410381","偃师市","4103","3"
"251","410402","新华区","4104","3"
"252","410404","石龙区","4104","3"
"253","410411","湛河区","4104","3"
"254","410422","叶县","4104","3"
"255","410423","鲁山县","4104","3"
"256","410481","舞钢市","4104","3"
"257","150703","扎赉诺尔区","1507","3"
"258","150721","阿荣旗","1507","3"
"259","150723","鄂伦春自治旗","1507","3"
"260","150724","鄂温克族自治旗","1507","3"
"261","150726","新巴尔虎左旗","1507","3"
"262","150727","新巴尔虎右旗","1507","3"
"263","150782","牙克石市","1507","3"
"264","150783","扎兰屯市","1507","3"
"265","150821","五原县","1508","3"
"266","150822","磴口县","1508","3"
"267","150824","乌拉特中旗","1508","3"
"268","150825","乌拉特后旗","1508","3"
"269","150902","集宁区","1509","3"
"270","150922","化德县","1509","3"
"271","150923","商都县","1509","3"
"272","150925","凉城县","1509","3"
"273","150926","察哈尔右翼前旗","1509","3"
"274","150928","察哈尔右翼后旗","1509","3"
"275","150929","四子王旗","1509","3"
"276","150981","丰镇市","1509","3"
"277","152202","阿尔山市","1522","3"
"278","152221","科尔沁右翼前旗","1522","3"
"279","152223","扎赉特旗","1522","3"
"280","152224","突泉县","1522","3"
"281","152502","锡林浩特市","1525","3"
"282","152522","阿巴嘎旗","1525","3"
"283","152524","苏尼特右旗","1525","3"
"284","152525","东乌珠穆沁旗","1525","3"
"285","152527","太仆寺旗","1525","3"
"286","152528","镶黄旗","1525","3"
"287","152530","正蓝旗","1525","3"
"288","152531","多伦县","1525","3"
"289","152922","阿拉善右旗","1529","3"
"290","152923","额济纳旗","1529","3"
"291","210103","沈河区","2101","3"
"292","210105","皇姑区","2101","3"
"293","210106","铁西区","2101","3"
"294","210112","浑南区","2101","3"
"295","210113","沈北新区","2101","3"
"296","210115","辽中区","2101","3"
"297","210123","康平县","2101","3"
"298","210181","新民市","2101","3"
"299","210203","西岗区","2102","3"
"300","210204","沙河口区","2102","3"
"301","210212","旅顺口区","2102","3"
"302","210213","金州区","2102","3"
"303","210224","长海县","2102","3"
"304","210281","瓦房店市","2102","3"
"305","210302","铁东区","2103","3"
"306","210304","立山区","2103","3"
"307","210311","千山区","2103","3"
"308","210323","岫岩满族自治县","2103","3"
"309","210381","海城市","2103","3"
"310","210402","新抚区","2104","3"
"311","210404","望花区","2104","3"
"312","210411","顺城区","2104","3"
"313","210422","新宾满族自治县","2104","3"
"314","210423","清原满族自治县","2104","3"
"315","210503","溪湖区","2105","3"
"316","210504","明山区","2105","3"
"317","210521","本溪满族自治县","2105","3"
"318","210602","元宝区","2106","3"
"319","210604","振安区","2106","3"
"320","210624","宽甸满族自治县","2106","3"
"321","210682","凤城市","2106","3"
"322","210702","古塔区","2107","3"
"323","210711","太和区","2107","3"
"324","210726","黑山县","2107","3"
"325","210781","凌海市","2107","3"
"326","210782","北镇市","2107","3"
"327","210803","西市区","2108","3"
"328","210804","鲅鱼圈区","2108","3"
"329","210881","盖州市","2108","3"
"330","210882","大石桥市","2108","3"
"331","210902","海州区","2109","3"
"332","210904","太平区","2109","3"
"333","210905","清河门区","2109","3"
"334","210921","阜新蒙古族自治县","2109","3"
"335","210922","彰武县","2109","3"
"336","211003","文圣区","2110","3"
"337","211004","宏伟区","2110","3"
"338","211005","弓长岭区","2110","3"
"339","211011","太子河区","2110","3"
"340","211081","灯塔市","2110","3"
"341","211103","兴隆台区","2111","3"
"342","211104","大洼区","2111","3"
"343","211202","银州区","2112","3"
"344","211221","铁岭县","2112","3"
"345","211223","西丰县","2112","3"
"346","211281","调兵山市","2112","3"
"347","211282","开原市","2112","3"
"348","211303","龙城区","2113","3"
"349","211321","朝阳县","2113","3"
"350","211324","喀喇沁左翼蒙古族自治县","2113","3"
"351","211381","北票市","2113","3"
"352","211402","连山区","2114","3"
"353","211404","南票区","2114","3"
"354","211421","绥中县","2114","3"
"355","211481","兴城市","2114","3"
"356","220103","宽城区","2201","3"
"357","220104","朝阳区","2201","3"
"358","220106","绿园区","2201","3"
"359","220112","双阳区","2201","3"
"360","220122","农安县","2201","3"
"361","220182","榆树市","2201","3"
"362","220202","昌邑区","2202","3"
"363","220204","船营区","2202","3"
"364","220221","永吉县","2202","3"
"365","220283","舒兰市","2202","3"
"366","220284","磐石市","2202","3"
"367","220302","铁西区","2203","3"
"368","220322","梨树县","2203","3"
"369","220323","伊通满族自治县","2203","3"
"370","220382","双辽市","2203","3"
"371","220403","西安区","2204","3"
"372","220421","东丰县","2204","3"
"373","220605","江源区","2206","3"
"374","220621","抚松县","2206","3"
"375","220623","长白朝鲜族自治县","2206","3"
"376","220681","临江市","2206","3"
"377","220503","二道江区","2205","3"
"378","220523","辉南县","2205","3"
"379","220524","柳河县","2205","3"
"380","220582","集安市","2205","3"
"381","220721","前郭尔罗斯蒙古族自治县","2207","3"
"382","220722","长岭县","2207","3"
"383","220781","扶余市","2207","3"
"384","220821","镇赉县","2208","3"
"385","220822","通榆县","2208","3"
"386","220882","大安市","2208","3"
"387","222401","延吉市","2224","3"
"388","222403","敦化市","2224","3"
"389","222404","珲春市","2224","3"
"390","222424","汪清县","2224","3"
"391","230102","道里区","2301","3"
"392","230104","道外区","2301","3"
"393","230108","平房区","2301","3"
"394","230110","香坊区","2301","3"
"395","230123","依兰县","2301","3"
"396","230125","宾县","2301","3"
"397","230126","巴彦县","2301","3"
"398","230128","通河县","2301","3"
"399","230129","延寿县","2301","3"
"400","230184","五常市","2301","3"
"401","310101","黄浦区","31","3"
"402","310105","长宁区","31","3"
"403","310106","静安区","31","3"
"404","310109","虹口区","31","3"
"405","310110","杨浦区","31","3"
"406","310113","宝山区","31","3"
"407","310114","嘉定区","31","3"
"408","310116","金山区","31","3"
"409","310117","松江区","31","3"
"410","310120","奉贤区","31","3"
"411","310151","崇明区","31","3"
"412","230203","建华区","2302","3"
"413","230204","铁锋区","2302","3"
"414","230207","碾子山区","2302","3"
"415","230208","梅里斯达斡尔族区","2302","3"
"416","230223","依安县","2302","3"
"417","230224","泰来县","2302","3"
"418","230227","富裕县","2302","3"
"419","230229","克山县","2302","3"
"420","230231","拜泉县","2302","3"
"421","230281","讷河市","2302","3"
"422","230302","鸡冠区","2303","3"
"423","230304","滴道区","2303","3"
"424","230306","城子河区","2303","3"
"425","230307","麻山区","2303","3"
"426","230381","虎林市","2303","3"
"427","230382","密山市","2303","3"
"428","230404","南山区","2304","3"
"429","230405","兴安区","2304","3"
"430","230407","兴山区","2304","3"
"431","230421","萝北县","2304","3"
"432","230502","尖山区","2305","3"
"433","230505","四方台区","2305","3"
"434","230506","宝山区","2305","3"
"435","230522","友谊县","2305","3"
"436","230523","宝清县","2305","3"
"437","230602","萨尔图区","2306","3"
"438","230604","让胡路区","2306","3"
"439","230606","大同区","2306","3"
"440","230621","肇州县","2306","3"
"441","230623","林甸县","2306","3"
"442","230624","杜尔伯特蒙古族自治县","2306","3"
"443","230702","伊春区","2307","3"
"444","230704","友好区","2307","3"
"445","230705","西林区","2307","3"
"446","230707","新青区","2307","3"
"447","230708","美溪区","2307","3"
"448","230710","五营区","2307","3"
"449","230711","乌马河区","2307","3"
"450","230713","带岭区","2307","3"
"451","230714","乌伊岭区","2307","3"
"452","230716","上甘岭区","2307","3"
"453","230722","嘉荫县","2307","3"
"454","230804","前进区","2308","3"
"455","230805","东风区","2308","3"
"456","230822","桦南县","2308","3"
"457","230828","汤原县","2308","3"
"458","230881","同江市","2308","3"
"459","230883","抚远市","2308","3"
"460","230903","桃山区","2309","3"
"461","231002","东安区","2310","3"
"462","231004","爱民区","2310","3"
"463","231005","西安区","2310","3"
"464","231081","绥芬河市","2310","3"
"465","231083","海林市","2310","3"
"466","231085","穆棱市","2310","3"
"467","231086","东宁市","2310","3"
"468","231102","爱辉区","2311","3"
"469","231123","逊克县","2311","3"
"470","231124","孙吴县","2311","3"
"471","231182","五大连池市","2311","3"
"472","231221","望奎县","2312","3"
"473","231222","兰西县","2312","3"
"474","231224","庆安县","2312","3"
"475","231225","明水县","2312","3"
"476","231281","安达市","2312","3"
"477","231282","肇东市","2312","3"
"478","232722","塔河县","2327","3"
"479","232723","漠河县","2327","3"
"480","320102","玄武区","3201","3"
"481","320105","建邺区","3201","3"
"482","320113","栖霞区","3201","3"
"483","320114","雨花台区","3201","3"
"484","320116","六合区","3201","3"
"485","320117","溧水区","3201","3"
"486","320206","惠山区","3202","3"
"487","320211","滨湖区","3202","3"
"488","320214","新吴区","3202","3"
"489","320281","江阴市","3202","3"
"490","320302","鼓楼区","3203","3"
"491","320305","贾汪区","3203","3"
"492","320311","泉山区","3203","3"
"493","320321","丰县","3203","3"
"494","320322","沛县","3203","3"
"495","320402","天宁区","3204","3"
"496","320411","新北区","3204","3"
"497","320412","武进区","3204","3"
"498","320481","溧阳市","3204","3"
"499","320324","睢宁县","3203","3"
"500","320382","邳州市","3203","3"
"501","320506","吴中区","3205","3"
"502","320508","姑苏区","3205","3"
"503","320509","吴江区","3205","3"
"504","320582","张家港市","3205","3"
"505","320583","昆山市","3205","3"
"506","320602","崇川区","3206","3"
"507","320612","通州区","3206","3"
"508","320621","海安县","3206","3"
"509","320681","启东市","3206","3"
"510","320682","如皋市","3206","3"
"511","320703","连云区","3207","3"
"512","320707","赣榆区","3207","3"
"513","320722","东海县","3207","3"
"514","320804","淮阴区","3208","3"
"515","320812","清江浦区","3208","3"
"516","320826","涟水县","3208","3"
"517","320830","盱眙县","3208","3"
"518","320902","亭湖区","3209","3"
"519","320904","大丰区","3209","3"
"520","320921","响水县","3209","3"
"521","320923","阜宁县","3209","3"
"522","320924","射阳县","3209","3"
"523","320981","东台市","3209","3"
"524","321003","邗江区","3210","3"
"525","321023","宝应县","3210","3"
"526","321081","仪征市","3210","3"
"527","321102","京口区","3211","3"
"528","321112","丹徒区","3211","3"
"529","321181","丹阳市","3211","3"
"530","321183","句容市","3211","3"
"531","321203","高港区","3212","3"
"532","321204","姜堰区","3212","3"
"533","321282","靖江市","3212","3"
"534","321283","泰兴市","3212","3"
"535","321302","宿城区","3213","3"
"536","321322","沭阳县","3213","3"
"537","321323","泗阳县","3213","3"
"538","330103","下城区","3301","3"
"539","330104","江干区","3301","3"
"540","330106","西湖区","3301","3"
"541","330108","滨江区","3301","3"
"542","330110","余杭区","3301","3"
"543","330111","富阳区","3301","3"
"544","330127","淳安县","3301","3"
"545","330203","海曙区","3302","3"
"546","330205","江北区","3302","3"
"547","330206","北仑区","3302","3"
"548","330212","鄞州区","3302","3"
"549","330225","象山县","3302","3"
"550","330281","余姚市","3302","3"
"551","330282","慈溪市","3302","3"
"552","330302","鹿城区","3303","3"
"553","330304","瓯海区","3303","3"
"554","330305","洞头区","3303","3"
"555","330327","苍南县","3303","3"
"556","330329","泰顺县","3303","3"
"557","330381","瑞安市","3303","3"
"558","330402","南湖区","3304","3"
"559","330421","嘉善县","3304","3"
"560","330424","海盐县","3304","3"
"561","330482","平湖市","3304","3"
"562","330483","桐乡市","3304","3"
"563","330502","吴兴区","3305","3"
"564","330521","德清县","3305","3"
"565","330522","长兴县","3305","3"
"566","330602","越城区","3306","3"
"567","330604","上虞区","3306","3"
"568","330624","新昌县","3306","3"
"569","330683","嵊州市","3306","3"
"570","330702","婺城区","3307","3"
"571","330723","武义县","3307","3"
"572","330726","浦江县","3307","3"
"573","330781","兰溪市","3307","3"
"574","330782","义乌市","3307","3"
"575","330784","永康市","3307","3"
"576","330803","衢江区","3308","3"
"577","330822","常山县","3308","3"
"578","330825","龙游县","3308","3"
"579","330881","江山市","3308","3"
"580","330903","普陀区","3309","3"
"581","330921","岱山县","3309","3"
"582","331002","椒江区","3310","3"
"583","331004","路桥区","3310","3"
"584","331021","玉环县","3310","3"
"585","331023","天台县","3310","3"
"586","331024","仙居县","3310","3"
"587","331082","临海市","3310","3"
"588","331121","青田县","3311","3"
"589","331122","缙云县","3311","3"
"590","331124","松阳县","3311","3"
"591","331125","云和县","3311","3"
"592","331127","景宁畲族自治县","3311","3"
"593","331181","龙泉市","3311","3"
"594","340103","庐阳区","3401","3"
"595","340104","蜀山区","3401","3"
"596","340121","长丰县","3401","3"
"597","340122","肥东县","3401","3"
"598","340124","庐江县","3401","3"
"599","340181","巢湖市","3401","3"
"600","340202","镜湖区","3402","3"
"601","340207","鸠江区","3402","3"
"602","340208","三山区","3402","3"
"603","340222","繁昌县","3402","3"
"604","340223","南陵县","3402","3"
"605","340302","龙子湖区","3403","3"
"606","340304","禹会区","3403","3"
"607","340322","五河县","3403","3"
"608","340402","大通区","3404","3"
"609","340404","谢家集区","3404","3"
"610","340405","八公山区","3404","3"
"611","340421","凤台县","3404","3"
"612","340422","寿县","3404","3"
"613","340503","花山区","3405","3"
"614","340506","博望区","3405","3"
"615","340521","当涂县","3405","3"
"616","340523","和县","3405","3"
"617","340603","相山区","3406","3"
"618","340604","烈山区","3406","3"
"619","340705","铜官区","3407","3"
"620","340711","郊区","3407","3"
"621","341002","屯溪区","3410","3"
"622","341102","琅琊区","3411","3"
"623","341122","来安县","3411","3"
"624","341124","全椒县","3411","3"
"625","341126","凤阳县","3411","3"
"626","341181","天长市","3411","3"
"627","341004","徽州区","3410","3"
"628","341021","歙县","3410","3"
"629","341023","黟县","3410","3"
"630","341024","祁门县","3410","3"
"631","341202","颍州区","3412","3"
"632","341204","颍泉区","3412","3"
"633","341221","临泉县","3412","3"
"634","430725","桃源县","4307","3"
"635","430781","津市市","4307","3"
"636","430811","武陵源区","4308","3"
"637","430822","桑植县","4308","3"
"638","430903","赫山区","4309","3"
"639","430921","南县","4309","3"
"640","430923","安化县","4309","3"
"641","430981","沅江市","4309","3"
"642","431002","北湖区","4310","3"
"643","431021","桂阳县","4310","3"
"644","431022","宜章县","4310","3"
"645","431024","嘉禾县","4310","3"
"646","431025","临武县","4310","3"
"647","431027","桂东县","4310","3"
"648","431028","安仁县","4310","3"
"649","431102","零陵区","4311","3"
"650","431121","祁阳县","4311","3"
"651","431122","东安县","4311","3"
"652","431124","道县","4311","3"
"653","431125","江永县","4311","3"
"654","431127","蓝山县","4311","3"
"655","431128","新田县","4311","3"
"656","340802","迎江区","3408","3"
"657","340811","宜秀区","3408","3"
"658","340822","怀宁县","3408","3"
"659","340825","太湖县","3408","3"
"660","340826","宿松县","3408","3"
"661","340828","岳西县","3408","3"
"662","340881","桐城市","3408","3"
"663","431221","中方县","4312","3"
"664","431222","沅陵县","4312","3"
"665","431225","会同县","4312","3"
"666","431227","新晃侗族自治县","4312","3"
"667","431228","芷江侗族自治县","4312","3"
"668","431230","通道侗族自治县","4312","3"
"669","431281","洪江市","4312","3"
"670","433101","吉首市","4331","3"
"671","433123","凤凰县","4331","3"
"672","433124","花垣县","4331","3"
"673","433126","古丈县","4331","3"
"674","433127","永顺县","4331","3"
"675","350902","蕉城区","3509","3"
"676","350922","古田县","3509","3"
"677","350923","屏南县","3509","3"
"678","350925","周宁县","3509","3"
"679","350981","福安市","3509","3"
"680","350982","福鼎市","3509","3"
"681","422802","利川市","4228","3"
"682","422822","建始县","4228","3"
"683","422825","宣恩县","4228","3"
"684","422826","咸丰县","4228","3"
"685","422828","鹤峰县","4228","3"
"686","429004","仙桃市","4290","3"
"687","429006","天门市","4290","3"
"688","429021","神农架林区","4290","3"
"689","440103","荔湾区","4401","3"
"690","440105","海珠区","4401","3"
"691","440106","天河区","4401","3"
"692","440112","黄埔区","4401","3"
"693","440113","番禺区","4401","3"
"694","440115","南沙区","4401","3"
"695","440117","从化区","4401","3"
"696","440203","武江区","4402","3"
"697","440205","曲江区","4402","3"
"698","440222","始兴县","4402","3"
"699","440229","翁源县","4402","3"
"700","440281","乐昌市","4402","3"
"701","440282","南雄市","4402","3"
"702","440304","福田区","4403","3"
"703","440305","南山区","4403","3"
"704","440307","龙岗区","4403","3"
"705","440308","盐田区","4403","3"
"706","440402","香洲区","4404","3"
"707","440404","金湾区","4404","3"
"708","440511","金平区","4405","3"
"709","440512","濠江区","4405","3"
"710","440514","潮南区","4405","3"
"711","440515","澄海区","4405","3"
"712","440605","南海区","4406","3"
"713","440606","顺德区","4406","3"
"714","445203","揭东区","4452","3"
"715","445222","揭西县","4452","3"
"716","445281","普宁市","4452","3"
"717","445103","潮安区","4451","3"
"718","445122","饶平县","4451","3"
"719","445302","云城区","4453","3"
"720","445321","新兴县","4453","3"
"721","445322","郁南县","4453","3"
"722","450102","兴宁区","4501","3"
"723","450105","江南区","4501","3"
"724","450107","西乡塘区","4501","3"
"725","450109","邕宁区","4501","3"
"726","450123","隆安县","4501","3"
"727","450124","马山县","4501","3"
"728","450126","宾阳县","4501","3"
"729","450127","横县","4501","3"
"730","430405","珠晖区","4304","3"
"731","430407","石鼓区","4304","3"
"732","430408","蒸湘区","4304","3"
"733","430421","衡阳县","4304","3"
"734","430422","衡南县","4304","3"
"735","430424","衡东县","4304","3"
"736","430426","祁东县","4304","3"
"737","430482","常宁市","4304","3"
"738","450204","柳南区","4502","3"
"739","450302","秀峰区","4503","3"
"740","450304","象山区","4503","3"
"741","450311","雁山区","4503","3"
"742","450312","临桂区","4503","3"
"743","450323","灵川县","4503","3"
"744","450324","全州县","4503","3"
"745","450326","永福县","4503","3"
"746","450327","灌阳县","4503","3"
"747","450329","资源县","4503","3"
"748","450330","平乐县","4503","3"
"749","450331","荔浦县","4503","3"
"750","450206","柳江区","4502","3"
"751","450222","柳城县","4502","3"
"752","450224","融安县","4502","3"
"753","450225","融水苗族自治县","4502","3"
"754","371502","东昌府区","3715","3"
"755","371522","莘县","3715","3"
"756","371523","茌平县","3715","3"
"757","371525","冠县","3715","3"
"758","371526","高唐县","3715","3"
"759","450403","万秀区","4504","3"
"760","450406","龙圩区","4504","3"
"761","450421","苍梧县","4504","3"
"762","450423","蒙山县","4504","3"
"763","450503","银海区","4505","3"
"764","450512","铁山港区","4505","3"
"765","450602","港口区","4506","3"
"766","450621","上思县","4506","3"
"767","450702","钦南区","4507","3"
"768","450721","灵山县","4507","3"
"769","450803","港南区","4508","3"
"770","450804","覃塘区","4508","3"
"771","450881","桂平市","4508","3"
"772","450921","容县","4509","3"
"773","450923","博白县","4509","3"
"774","450924","兴业县","4509","3"
"775","451002","右江区","4510","3"
"776","451022","田东县","4510","3"
"777","451023","平果县","4510","3"
"778","451026","那坡县","4510","3"
"779","451027","凌云县","4510","3"
"780","451029","田林县","4510","3"
"781","451030","西林县","4510","3"
"782","451081","靖西市","4510","3"
"783","451103","平桂区","4511","3"
"784","451122","钟山县","4511","3"
"785","451123","富川瑶族自治县","4511","3"
"786","451202","金城江区","4512","3"
"787","451222","天峨县","4512","3"
"788","451223","凤山县","4512","3"
"789","451225","罗城仫佬族自治县","4512","3"
"790","451226","环江毛南族自治县","4512","3"
"791","451228","都安瑶族自治县","4512","3"
"792","451229","大化瑶族自治县","4512","3"
"793","451402","江州区","4514","3"
"794","451422","宁明县","4514","3"
"795","451423","龙州县","4514","3"
"796","451425","天等县","4514","3"
"797","451481","凭祥市","4514","3"
"798","460106","龙华区","4601","3"
"799","460107","琼山区","4601","3"
"800","460201","市辖区","4602","3"
"801","460202","海棠区","4602","3"
"802","460204","天涯区","4602","3"
"803","460205","崖州区","4602","3"
"804","460322","南沙群岛","4603","3"
"805","460323","中沙群岛的岛礁及其海域","4603","3"
"806","469001","五指山市","4690","3"
"807","469002","琼海市","4690","3"
"808","469006","万宁市","4690","3"
"809","469007","东方市","4690","3"
"810","469022","屯昌县","4690","3"
"811","469023","澄迈县","4690","3"
"812","469025","白沙黎族自治县","4690","3"
"813","469026","昌江黎族自治县","4690","3"
"814","469028","陵水黎族自治县","4690","3"
"815","469029","保亭黎族苗族自治县","4690","3"
"816","510104","锦江区","5101","3"
"817","510105","青羊区","5101","3"
"818","510107","武侯区","5101","3"
"819","510108","成华区","5101","3"
"820","510113","青白江区","5101","3"
"821","510114","新都区","5101","3"
"822","510116","双流区","5101","3"
"823","510121","金堂县","5101","3"
"824","510129","大邑县","5101","3"
"825","510131","蒲江县","5101","3"
"826","510181","都江堰市","5101","3"
"827","510183","邛崃市","5101","3"
"828","510184","崇州市","5101","3"
"829","510303","贡井区","5103","3"
"830","510304","大安区","5103","3"
"831","510321","荣县","5103","3"
"832","510322","富顺县","5103","3"
"833","510403","西区","5104","3"
"834","510411","仁和区","5104","3"
"835","510422","盐边县","5104","3"
"836","510503","纳溪区","5105","3"
"837","510504","龙马潭区","5105","3"
"838","510522","合江县","5105","3"
"839","510524","叙永县","5105","3"
"840","510603","旌阳区","5106","3"
"841","510626","罗江县","5106","3"
"842","510681","广汉市","5106","3"
"843","510683","绵竹市","5106","3"
"844","510703","涪城区","5107","3"
"845","510705","安州区","5107","3"
"846","510722","三台县","5107","3"
"847","510725","梓潼县","5107","3"
"848","510726","北川羌族自治县","5107","3"
"849","510781","江油市","5107","3"
"850","510811","昭化区","5108","3"
"851","510812","朝天区","5108","3"
"852","510822","青川县","5108","3"
"853","510823","剑阁县","5108","3"
"854","510903","船山区","5109","3"
"855","510921","蓬溪县","5109","3"
"856","510922","射洪县","5109","3"
"857","510923","大英县","5109","3"
"858","511002","市中区","5110","3"
"859","511024","威远县","5110","3"
"860","511028","隆昌县","5110","3"
"861","511111","沙湾区","5111","3"
"862","511112","五通桥区","5111","3"
"863","511123","犍为县","5111","3"
"864","511124","井研县","5111","3"
"865","511129","沐川县","5111","3"
"866","511132","峨边彝族自治县","5111","3"
"867","511181","峨眉山市","5111","3"
"868","511302","顺庆区","5113","3"
"869","511304","嘉陵区","5113","3"
"870","511322","营山县","5113","3"
"871","511323","蓬安县","5113","3"
"872","511325","西充县","5113","3"
"873","511381","阆中市","5113","3"
"874","511402","东坡区","5114","3"
"875","511421","仁寿县","5114","3"
"876","511423","洪雅县","5114","3"
"877","511425","青神县","5114","3"
"878","511503","南溪区","5115","3"
"879","511521","宜宾县","5115","3"
"880","511524","长宁县","5115","3"
"881","511525","高县","5115","3"
"882","511527","筠连县","5115","3"
"883","511528","兴文县","5115","3"
"884","511603","前锋区","5116","3"
"885","511621","岳池县","5116","3"
"886","511623","邻水县","5116","3"
"887","511681","华蓥市","5116","3"
"888","511702","通川区","5117","3"
"889","511722","宣汉县","5117","3"
"890","511723","开江县","5117","3"
"891","511725","渠县","5117","3"
"892","511781","万源市","5117","3"
"893","511803","名山区","5118","3"
"894","511822","荥经县","5118","3"
"895","511824","石棉县","5118","3"
"896","511825","天全县","5118","3"
"897","511827","宝兴县","5118","3"
"898","511903","恩阳区","5119","3"
"899","511921","通江县","5119","3"
"900","511923","平昌县","5119","3"
"901","512021","安岳县","5120","3"
"902","512022","乐至县","5120","3"
"903","513322","泸定县","5133","3"
"904","513323","丹巴县","5133","3"
"905","440704","江海区","4407","3"
"906","440705","新会区","4407","3"
"907","440783","开平市","4407","3"
"908","440784","鹤山市","4407","3"
"909","440802","赤坎区","4408","3"
"910","440804","坡头区","4408","3"
"911","440811","麻章区","4408","3"
"912","440825","徐闻县","4408","3"
"913","440881","廉江市","4408","3"
"914","440904","电白区","4409","3"
"915","440981","高州市","4409","3"
"916","440983","信宜市","4409","3"
"917","441203","鼎湖区","4412","3"
"918","441204","高要区","4412","3"
"919","441224","怀集县","4412","3"
"920","441225","封开县","4412","3"
"921","441284","四会市","4412","3"
"922","441303","惠阳区","4413","3"
"923","441322","博罗县","4413","3"
"924","441324","龙门县","4413","3"
"925","441402","梅江区","4414","3"
"926","441422","大埔县","4414","3"
"927","441423","丰顺县","4414","3"
"928","441426","平远县","4414","3"
"929","441427","蕉岭县","4414","3"
"930","441502","城区","4415","3"
"931","441523","陆河县","4415","3"
"932","441581","陆丰市","4415","3"
"933","441621","紫金县","4416","3"
"934","441622","龙川县","4416","3"
"935","441624","和平县","4416","3"
"936","441625","东源县","4416","3"
"937","441702","江城区","4417","3"
"938","441721","阳西县","4417","3"
"939","441781","阳春市","4417","3"
"940","441803","清新区","4418","3"
"941","441821","佛冈县","4418","3"
"942","441825","连山壮族瑶族自治县","4418","3"
"943","441826","连南瑶族自治县","4418","3"
"944","441882","连州市","4418","3"
"945","410502","文峰区","4105","3"
"946","410505","殷都区","4105","3"
"947","410506","龙安区","4105","3"
"948","410523","汤阴县","4105","3"
"949","410526","滑县","4105","3"
"950","410581","林州市","4105","3"
"951","410602","鹤山区","4106","3"
"952","410611","淇滨区","4106","3"
"953","410621","浚县","4106","3"
"954","410702","红旗区","4107","3"
"955","410704","凤泉区","4107","3"
"956","410711","牧野区","4107","3"
"957","410724","获嘉县","4107","3"
"958","410725","原阳县","4107","3"
"959","410727","封丘县","4107","3"
"960","410728","长垣县","4107","3"
"961","410782","辉县市","4107","3"
"962","410802","解放区","4108","3"
"963","410804","马村区","4108","3"
"964","410811","山阳区","4108","3"
"965","410822","博爱县","4108","3"
"966","410823","武陟县","4108","3"
"967","410882","沁阳市","4108","3"
"968","410922","清丰县","4109","3"
"969","410923","南乐县","4109","3"
"970","410927","台前县","4109","3"
"971","410928","濮阳县","4109","3"
"972","411002","魏都区","4110","3"
"973","411024","鄢陵县","4110","3"
"974","411082","长葛市","4110","3"
"975","411102","源汇区","4111","3"
"976","411104","召陵区","4111","3"
"977","411121","舞阳县","4111","3"
"978","411202","湖滨区","4112","3"
"979","411221","渑池县","4112","3"
"980","411224","卢氏县","4112","3"
"981","411282","灵宝市","4112","3"
"982","411303","卧龙区","4113","3"
"983","411321","南召县","4113","3"
"984","411323","西峡县","4113","3"
"985","411324","镇平县","4113","3"
"986","411326","淅川县","4113","3"
"987","411327","社旗县","4113","3"
"988","411329","新野县","4113","3"
"989","411381","邓州市","4113","3"
"990","411403","睢阳区","4114","3"
"991","411421","民权县","4114","3"
"992","411423","宁陵县","4114","3"
"993","411424","柘城县","4114","3"
"994","411426","夏邑县","4114","3"
"995","411481","永城市","4114","3"
"996","411502","负忧","4115","3"
"997","411521","罗山县","4115","3"
"998","411522","光山县","4115","3"
"999","411524","商城县","4115","3"
"1000","411525","固始县","4115","3"
"1001","411527","淮滨县","4115","3"
"1002","411602","川汇区","4116","3"
"1003","411622","西华县","4116","3"
"1004","411623","商水县","4116","3"
"1005","411625","郸城县","4116","3"
"1006","411626","淮阳县","4116","3"
"1007","411681","项城市","4116","3"
"1008","411702","驿城区","4117","3"
"1009","411722","上蔡县","4117","3"
"1010","411723","平舆县","4117","3"
"1011","411725","确山县","4117","3"
"1012","411726","泌阳县","4117","3"
"1013","411728","遂平县","4117","3"
"1014","411729","新蔡县","4117","3"
"1015","420103","江汉区","4201","3"
"1016","420104","~口区","4201","3"
"1017","420106","武昌区","4201","3"
"1018","420107","青山区","4201","3"
"1019","420112","东西湖区","4201","3"
"1020","420113","汉南区","4201","3"
"1021","420115","江夏区","4201","3"
"1022","420116","黄陂区","4201","3"
"1023","420202","黄石港区","4202","3"
"1024","420204","下陆区","4202","3"
"1025","420222","阳新县","4202","3"
"1026","420281","大冶市","4202","3"
"1027","420302","茅箭区","4203","3"
"1028","420304","郧阳区","4203","3"
"1029","420322","郧西县","4203","3"
"1030","420324","竹溪县","4203","3"
"1031","420325","房县","4203","3"
"1032","420502","西陵区","4205","3"
"1033","420504","点军区","4205","3"
"1034","420505","V亭区","4205","3"
"1035","420525","远安县","4205","3"
"1036","420526","兴山县","4205","3"
"1037","420528","长阳土家族自治县","4205","3"
"1038","420529","五峰土家族自治县","4205","3"
"1039","420582","当阳市","4205","3"
"1040","420583","枝江市","4205","3"
"1041","420606","樊城区","4206","3"
"1042","420607","襄州区","4206","3"
"1043","420625","谷城县","4206","3"
"1044","420626","保康县","4206","3"
"1045","420683","枣阳市","4206","3"
"1046","420684","宜城市","4206","3"
"1047","420702","梁子湖区","4207","3"
"1048","420704","鄂城区","4207","3"
"1049","420804","掇刀区","4208","3"
"1050","420821","京山县","4208","3"
"1051","421002","沙市区","4210","3"
"1052","421022","公安县","4210","3"
"1053","421023","监利县","4210","3"
"1054","421081","石首市","4210","3"
"1055","421083","洪湖市","4210","3"
"1056","421102","黄州区","4211","3"
"1057","421122","红安县","4211","3"
"1058","421123","罗田县","4211","3"
"1059","421125","浠水县","4211","3"
"1060","421126","蕲春县","4211","3"
"1061","421181","麻城市","4211","3"
"1062","421182","武穴市","4211","3"
"1063","421221","嘉鱼县","4212","3"
"1064","421222","通城县","4212","3"
"1065","421224","通山县","4212","3"
"1066","421281","赤壁市","4212","3"
"1067","421303","曾都区","4213","3"
"1068","421381","广水市","4213","3"
"1069","430103","天心区","4301","3"
"1070","430105","开福区","4301","3"
"1071","430111","雨花区","4301","3"
"1072","430121","长沙县","4301","3"
"1073","430124","宁乡县","4301","3"
"1074","430202","荷塘区","4302","3"
"1075","430204","石峰区","4302","3"
"1076","430211","天元区","4302","3"
"1077","430223","攸县","4302","3"
"1078","430224","茶陵县","4302","3"
"1079","430281","醴陵市","4302","3"
"1080","430304","岳塘区","4303","3"
"1081","430321","湘潭县","4303","3"
"1082","430382","韶山市","4303","3"
"1083","420922","大悟县","4209","3"
"1084","420981","应城市","4209","3"
"1085","420982","安陆市","4209","3"
"1086","430502","双清区","4305","3"
"1087","430511","北塔区","4305","3"
"1088","430521","邵东县","4305","3"
"1089","430523","邵阳县","4305","3"
"1090","430524","隆回县","4305","3"
"1091","430527","绥宁县","4305","3"
"1092","430528","新宁县","4305","3"
"1093","430581","武冈市","4305","3"
"1094","430603","云溪区","4306","3"
"1095","430611","君山区","4306","3"
"1096","430623","华容县","4306","3"
"1097","430624","湘阴县","4306","3"
"1098","430681","汨罗市","4306","3"
"1099","430682","临湘市","4306","3"
"1100","430703","鼎城区","4307","3"
"1101","430721","安乡县","4307","3"
"1102","430723","澧县","4307","3"
"1103","430724","临澧县","4307","3"
"1104","513324","九龙县","5133","3"
"1105","513326","道孚县","5133","3"
"1106","513328","甘孜县","5133","3"
"1107","513331","白玉县","5133","3"
"1108","513332","石渠县","5133","3"
"1109","513334","理塘县","5133","3"
"1110","513335","巴塘县","5133","3"
"1111","513337","稻城县","5133","3"
"1112","513338","得荣县","5133","3"
"1113","513422","木里藏族自治县","5134","3"
"1114","513423","盐源县","5134","3"
"1115","513425","会理县","5134","3"
"1116","513426","会东县","5134","3"
"1117","513428","普格县","5134","3"
"1118","513429","布拖县","5134","3"
"1119","513431","昭觉县","5134","3"
"1120","513432","喜德县","5134","3"
"1121","513434","越西县","5134","3"
"1122","513435","甘洛县","5134","3"
"1123","513437","雷波县","5134","3"
"1124","520103","云岩区","5201","3"
"1125","520111","花溪区","5201","3"
"1126","520113","白云区","5201","3"
"1127","520115","观山湖区","5201","3"
"1128","520122","息烽县","5201","3"
"1129","520201","钟山区","5202","3"
"1130","520221","水城县","5202","3"
"1131","520222","盘县","5202","3"
"1132","520181","清镇市","5201","3"
"1133","520303","汇川区","5203","3"
"1134","520304","播州区","5203","3"
"1135","520323","绥阳县","5203","3"
"1136","520324","正安县","5203","3"
"1137","520326","务川仡佬族苗族自治县","5203","3"
"1138","520327","凤冈县","5203","3"
"1139","520329","余庆县","5203","3"
"1140","520330","习水县","5203","3"
"1141","520382","仁怀市","5203","3"
"1142","520403","平坝区","5204","3"
"1143","520422","普定县","5204","3"
"1144","520424","关岭布依族苗族自治县","5204","3"
"1145","520425","紫云苗族布依族自治县","5204","3"
"1146","520521","大方县","5205","3"
"1147","520522","黔西县","5205","3"
"1148","520524","织金县","5205","3"
"1149","520525","纳雍县","5205","3"
"1150","520527","赫章县","5205","3"
"1151","520603","万山区","5206","3"
"1152","520621","江口县","5206","3"
"1153","520623","石阡县","5206","3"
"1154","520624","思南县","5206","3"
"1155","520626","德江县","5206","3"
"1156","520627","沿河土家族自治县","5206","3"
"1157","520628","松桃苗族自治县","5206","3"
"1158","431321","双峰县","4313","3"
"1159","431382","涟源市","4313","3"
"1160","522301","兴义市","5223","3"
"1161","522323","普安县","5223","3"
"1162","522324","晴隆县","5223","3"
"1163","522326","望谟县","5223","3"
"1164","522327","册亨县","5223","3"
"1165","522601","凯里市","5226","3"
"1166","522622","黄平县","5226","3"
"1167","522624","三穗县","5226","3"
"1168","522625","镇远县","5226","3"
"1169","522627","天柱县","5226","3"
"1170","522628","锦屏县","5226","3"
"1171","522630","台江县","5226","3"
"1172","522631","黎平县","5226","3"
"1173","522633","从江县","5226","3"
"1174","522634","雷山县","5226","3"
"1175","522636","丹寨县","5226","3"
"1176","522701","都匀市","5227","3"
"1177","522722","荔波县","5227","3"
"1178","522723","贵定县","5227","3"
"1179","522726","独山县","5227","3"
"1180","522727","平塘县","5227","3"
"1181","522729","长顺县","5227","3"
"1182","522730","龙里县","5227","3"
"1183","522732","三都水族自治县","5227","3"
"1184","530103","盘龙区","5301","3"
"1185","530111","官渡区","5301","3"
"1186","530113","东川区","5301","3"
"1187","530114","呈贡区","5301","3"
"1188","530124","富民县","5301","3"
"1189","530125","宜良县","5301","3"
"1190","530127","嵩明县","5301","3"
"1191","530128","禄劝彝族苗族自治县","5301","3"
"1192","530129","寻甸回族彝族自治县","5301","3"
"1193","530303","沾益区","5303","3"
"1194","530321","马龙县","5303","3"
"1195","530323","师宗县","5303","3"
"1196","530324","罗平县","5303","3"
"1197","530381","宣威市","5303","3"
"1198","530402","红塔区","5304","3"
"1199","530422","澄江县","5304","3"
"1200","530423","通海县","5304","3"
"1201","530425","易门县","5304","3"
"1202","530426","峨山彝族自治县","5304","3"
"1203","530428","元江哈尼族彝族傣族自治县","5304","3"
"1204","530521","施甸县","5305","3"
"1205","530523","龙陵县","5305","3"
"1206","530581","腾冲市","5305","3"
"1207","530621","鲁甸县","5306","3"
"1208","530622","巧家县","5306","3"
"1209","530624","大关县","5306","3"
"1210","530625","永善县","5306","3"
"1211","530627","镇雄县","5306","3"
"1212","530628","彝良县","5306","3"
"1213","530630","水富县","5306","3"
"1214","530721","玉龙纳西族自治县","5307","3"
"1215","530722","永胜县","5307","3"
"1216","530724","宁蒗彝族自治县","5307","3"
"1217","530821","宁洱哈尼族彝族自治县","5308","3"
"1218","530823","景东彝族自治县","5308","3"
"1219","530824","景谷傣族彝族自治县","5308","3"
"1220","530825","镇沅彝族哈尼族拉祜族自治县","5308","3"
"1221","530827","孟连傣族拉祜族佤族自治县","5308","3"
"1222","530828","澜沧拉祜族自治县","5308","3"
"1223","530902","临翔区","5309","3"
"1224","530921","凤庆县","5309","3"
"1225","530923","永德县","5309","3"
"1226","530925","双江拉祜族佤族布朗族傣族自治县","5309","3"
"1227","530926","耿马傣族佤族自治县","5309","3"
"1228","532301","楚雄市","5323","3"
"1229","532323","牟定县","5323","3"
"1230","532325","姚安县","5323","3"
"1231","532326","大姚县","5323","3"
"1232","532328","元谋县","5323","3"
"1233","532329","武定县","5323","3"
"1234","532501","个旧市","5325","3"
"1235","532502","开远市","5325","3"
"1236","532504","弥勒市","5325","3"
"1237","532523","屏边苗族自治县","5325","3"
"1238","532525","石屏县","5325","3"
"1239","532528","元阳县","5325","3"
"1240","532529","红河县","5325","3"
"1241","532531","绿春县","5325","3"
"1242","532532","河口瑶族自治县","5325","3"
"1243","532601","文山市","5326","3"
"1244","532623","西畴县","5326","3"
"1245","532624","麻栗坡县","5326","3"
"1246","532626","丘北县","5326","3"
"1247","532627","广南县","5326","3"
"1248","532801","景洪市","5328","3"
"1249","532822","勐海县","5328","3"
"1250","532901","大理市","5329","3"
"1251","532922","漾濞彝族自治县","5329","3"
"1252","532924","宾川县","5329","3"
"1253","532925","弥渡县","5329","3"
"1254","532927","巍山彝族回族自治县","5329","3"
"1255","532928","永平县","5329","3"
"1256","532930","洱源县","5329","3"
"1257","532931","剑川县","5329","3"
"1258","533102","瑞丽市","5331","3"
"1259","533103","芒市","5331","3"
"1260","533123","盈江县","5331","3"
"1261","533124","陇川县","5331","3"
"1262","533323","福贡县","5333","3"
"1263","533324","贡山独龙族怒族自治县","5333","3"
"1264","533401","香格里拉市","5334","3"
"1265","533422","德钦县","5334","3"
"1266","533423","维西傈僳族自治县","5334","3"
"1267","540103","堆龙德庆区","5401","3"
"1268","540121","林周县","5401","3"
"1269","540123","尼木县","5401","3"
"1270","540124","曲水县","5401","3"
"1271","540127","墨竹工卡县","5401","3"
"1272","540202","桑珠孜区","5402","3"
"1273","540222","江孜县","5402","3"
"1274","540302","卡若区","5403","3"
"1275","540322","贡觉县","5403","3"
"1276","540323","类乌齐县","5403","3"
"1277","540325","察雅县","5403","3"
"1278","540326","八宿县","5403","3"
"1279","540328","芒康县","5403","3"
"1280","540329","洛隆县","5403","3"
"1281","540223","定日县","5402","3"
"1282","540224","萨迦县","5402","3"
"1283","540226","昂仁县","5402","3"
"1284","540227","谢通门县","5402","3"
"1285","540229","仁布县","5402","3"
"1286","540231","定结县","5402","3"
"1287","540232","仲巴县","5402","3"
"1288","540234","吉隆县","5402","3"
"1289","540235","聂拉木县","5402","3"
"1290","540237","岗巴县","5402","3"
"1291","540402","巴宜区","5404","3"
"1292","540422","米林县","5404","3"
"1293","540423","墨脱县","5404","3"
"1294","540425","察隅县","5404","3"
"1295","540426","朗县","5404","3"
"1296","540502","乃东区","5405","3"
"1297","540522","贡嘎县","5405","3"
"1298","540525","曲松县","5405","3"
"1299","540526","措美县","5405","3"
"1300","540528","加查县","5405","3"
"1301","540529","隆子县","5405","3"
"1302","540531","浪卡子县","5405","3"
"1303","542421","那曲县","5424","3"
"1304","542423","比如县","5424","3"
"1305","542424","聂荣县","5424","3"
"1306","542426","申扎县","5424","3"
"1307","542427","索县","5424","3"
"1308","542429","巴青县","5424","3"
"1309","542430","尼玛县","5424","3"
"1310","542521","普兰县","5425","3"
"1311","542522","札达县","5425","3"
"1312","542524","日土县","5425","3"
"1313","542525","革吉县","5425","3"
"1314","542527","措勤县","5425","3"
"1315","513201","马尔康市","5132","3"
"1316","513222","理县","5132","3"
"1317","513223","茂县","5132","3"
"1318","513225","九寨沟县","5132","3"
"1319","513227","小金县","5132","3"
"1320","513228","黑水县","5132","3"
"1321","513231","阿坝县","5132","3"
"1322","513232","若尔盖县","5132","3"
"1323","610102","新城区","6101","3"
"1324","610104","莲湖区","6101","3"
"1325","610111","灞桥区","6101","3"
"1326","610113","雁塔区","6101","3"
"1327","610114","阎良区","6101","3"
"1328","610116","长安区","6101","3"
"1329","610117","高陵区","6101","3"
"1330","610124","周至县","6101","3"
"1331","610125","户县","6101","3"
"1332","610202","王益区","6102","3"
"1333","610204","耀州区","6102","3"
"1334","610303","金台区","6103","3"
"1335","610304","陈仓区","6103","3"
"1336","610323","岐山县","6103","3"
"1337","610324","扶风县","6103","3"
"1338","610327","陇县","6103","3"
"1339","610328","千阳县","6103","3"
"1340","610330","凤县","6103","3"
"1341","610331","太白县","6103","3"
"1342","610403","杨陵区","6104","3"
"1343","610404","渭城区","6104","3"
"1344","610423","泾阳县","6104","3"
"1345","610424","乾县","6104","3"
"1346","610426","永寿县","6104","3"
"1347","610427","彬县","6104","3"
"1348","610429","旬邑县","6104","3"
"1349","610430","淳化县","6104","3"
"1350","610481","兴平市","6104","3"
"1351","610502","临渭区","6105","3"
"1352","610522","潼关县","6105","3"
"1353","610523","大荔县","6105","3"
"1354","610525","澄城县","6105","3"
"1355","610526","蒲城县","6105","3"
"1356","610528","富平县","6105","3"
"1357","610581","韩城市","6105","3"
"1358","610602","宝塔区","6106","3"
"1359","610621","延长县","6106","3"
"1360","610623","子长县","6106","3"
"1361","610627","甘泉县","6106","3"
"1362","610628","富县","6106","3"
"1363","610630","宜川县","6106","3"
"1364","610631","黄龙县","6106","3"
"1365","610702","汉台区","6107","3"
"1366","610722","城固县","6107","3"
"1367","610723","洋县","6107","3"
"1368","610725","勉县","6107","3"
"1369","610726","宁强县","6107","3"
"1370","610728","镇巴县","6107","3"
"1371","610729","留坝县","6107","3"
"1372","610802","榆阳区","6108","3"
"1373","610821","神木县","6108","3"
"1374","610822","府谷县","6108","3"
"1375","610825","定边县","6108","3"
"1376","610826","绥德县","6108","3"
"1377","610828","佳县","6108","3"
"1378","610829","吴堡县","6108","3"
"1379","610831","子洲县","6108","3"
"1380","610921","汉阴县","6109","3"
"1381","610922","石泉县","6109","3"
"1382","610924","紫阳县","6109","3"
"1383","610925","岚皋县","6109","3"
"1384","610927","镇坪县","6109","3"
"1385","610928","旬阳县","6109","3"
"1386","611021","洛南县","6110","3"
"1387","611022","丹凤县","6110","3"
"1388","611024","山阳县","6110","3"
"1389","611025","镇安县","6110","3"
"1390","630102","城东区","6301","3"
"1391","630104","城西区","6301","3"
"1392","630105","城北区","6301","3"
"1393","630123","湟源县","6301","3"
"1394","630202","乐都区","6302","3"
"1395","630222","民和回族土族自治县","6302","3"
"1396","630223","互助土族自治县","6302","3"
"1397","630225","循化撒拉族自治县","6302","3"
"1398","632221","门源回族自治县","6322","3"
"1399","632223","海晏县","6322","3"
"1400","632224","刚察县","6322","3"
"1401","632322","尖扎县","6323","3"
"1402","632323","泽库县","6323","3"
"1403","632521","共和县","6325","3"
"1404","632522","同德县","6325","3"
"1405","632524","兴海县","6325","3"
"1406","632525","贵南县","6325","3"
"1407","632622","班玛县","6326","3"
"1408","632623","甘德县","6326","3"
"1409","632625","久治县","6326","3"
"1410","632626","玛多县","6326","3"
"1411","632722","杂多县","6327","3"
"1412","632723","称多县","6327","3"
"1413","632725","囊谦县","6327","3"
"1414","632726","曲麻莱县","6327","3"
"1415","632802","德令哈市","6328","3"
"1416","632821","乌兰县","6328","3"
"1417","632823","天峻县","6328","3"
"1418","640105","西夏区","6401","3"
"1419","640205","惠农区","6402","3"
"1420","640221","平罗县","6402","3"
"1421","640121","永宁县","6401","3"
"1422","640122","贺兰县","6401","3"
"1423","640402","原州区","6404","3"
"1424","640423","隆德县","6404","3"
"1425","640424","泾源县","6404","3"
"1426","640323","盐池县","6403","3"
"1427","640324","同心县","6403","3"
"1428","640502","沙坡头区","6405","3"
"1429","640522","海原县","6405","3"
"1430","451302","兴宾区","4513","3"
"1431","451322","象州县","4513","3"
"1432","451323","武宣县","4513","3"
"1433","451381","合山市","4513","3"
"1434","620103","七里河区","6201","3"
"1435","620104","西固区","6201","3"
"1436","620111","红古区","6201","3"
"1437","620121","永登县","6201","3"
"1438","620123","榆中县","6201","3"
"1439","620201","市辖区","6202","3"
"1440","620302","金川区","6203","3"
"1441","620402","白银区","6204","3"
"1442","620421","靖远县","6204","3"
"1443","620422","会宁县","6204","3"
"1444","620502","秦州区","6205","3"
"1445","620522","秦安县","6205","3"
"1446","620524","武山县","6205","3"
"1447","620525","张家川回族自治县","6205","3"
"1448","620621","民勤县","6206","3"
"1449","620622","古浪县","6206","3"
"1450","620702","甘州区","6207","3"
"1451","620721","肃南裕固族自治县","6207","3"
"1452","620723","临泽县","6207","3"
"1453","620724","高台县","6207","3"
"1454","620802","崆峒区","6208","3"
"1455","620822","灵台县","6208","3"
"1456","620823","崇信县","6208","3"
"1457","620825","庄浪县","6208","3"
"1458","620826","静宁县","6208","3"
"1459","620921","金塔县","6209","3"
"1460","620922","瓜州县","6209","3"
"1461","620924","阿克塞哈萨克族自治县","6209","3"
"1462","620981","玉门市","6209","3"
"1463","620982","敦煌市","6209","3"
"1464","621021","庆城县","6210","3"
"1465","621022","环县","6210","3"
"1466","621024","合水县","6210","3"
"1467","621025","正宁县","6210","3"
"1468","621027","镇原县","6210","3"
"1469","621121","通渭县","6211","3"
"1470","621122","陇西县","6211","3"
"1471","621124","临洮县","6211","3"
"1472","621125","漳县","6211","3"
"1473","621202","武都区","6212","3"
"1474","621222","文县","6212","3"
"1475","621223","宕昌县","6212","3"
"1476","621225","西和县","6212","3"
"1477","621226","礼县","6212","3"
"1478","621228","两当县","6212","3"
"1479","622901","临夏市","6229","3"
"1480","622922","康乐县","6229","3"
"1481","622923","永靖县","6229","3"
"1482","622925","和政县","6229","3"
"1483","623001","合作市","6230","3"
"1484","623021","临潭县","6230","3"
"1485","623022","卓尼县","6230","3"
"1486","623024","迭部县","6230","3"
"1487","623025","玛曲县","6230","3"
"1488","623027","夏河县","6230","3"
"1489","130623","涞水县","1306","3"
"1490","130624","阜平县","1306","3"
"1491","130627","唐县","1306","3"
"1492","130628","高阳县","1306","3"
"1493","130630","涞源县","1306","3"
"1494","130631","望都县","1306","3"
"1495","130633","易县","1306","3"
"1496","130634","曲阳县","1306","3"
"1497","130637","博野县","1306","3"
"1498","130681","涿州市","1306","3"
"1499","130683","安国市","1306","3"
"1500","130582","沙河市","1305","3"
"1501","130803","双滦区","1308","3"
"1502","130804","鹰手营子矿区","1308","3"
"1503","130822","兴隆县","1308","3"
"1504","130823","平泉县","1308","3"
"1505","130825","隆化县","1308","3"
"1506","130826","丰宁满族自治县","1308","3"
"1507","130828","围场满族蒙古族自治县","1308","3"
"1508","130703","桥西区","1307","3"
"1509","370783","寿光市","3707","3"
"1510","370829","嘉祥县","3708","3"
"1511","370982","新泰市","3709","3"
"1512","371121","五莲县","3711","3"
"1513","222406","和龙市","2224","3"
"1514","230113","双城区","2301","3"
"1515","450481","岑溪市","4504","3"
"1516","450681","东兴市","4506","3"
"1517","450903","福绵区","4509","3"
"1518","130705","宣化区","1307","3"
"1519","130708","万全区","1307","3"
"1520","130709","崇礼区","1307","3"
"1521","130723","康保县","1307","3"
"1522","130724","沽源县","1307","3"
"1523","130726","蔚县","1307","3"
"1524","130727","阳原县","1307","3"
"1525","130730","怀来县","1307","3"
"1526","130731","涿鹿县","1307","3"
"1527","130902","新华区","1309","3"
"1528","130921","沧县","1309","3"
"1529","130922","青县","1309","3"
"1530","130924","海兴县","1309","3"
"1531","130925","盐山县","1309","3"
"1532","130927","南皮县","1309","3"
"1533","130928","吴桥县","1309","3"
"1534","130930","孟村回族自治县","1309","3"
"1535","130982","任丘市","1309","3"
"1536","130983","黄骅市","1309","3"
"1537","131002","安次区","1310","3"
"1538","131022","固安县","1310","3"
"1539","131025","大城县","1310","3"
"1540","131026","文安县","1310","3"
"1541","131081","霸州市","1310","3"
"1542","131082","三河市","1310","3"
"1543","131102","桃城区","1311","3"
"1544","131121","枣强县","1311","3"
"1545","131122","武邑县","1311","3"
"1546","131124","饶阳县","1311","3"
"1547","131125","安平县","1311","3"
"1548","131127","景县","1311","3"
"1549","131128","阜城县","1311","3"
"1550","139001","定州市","1390","3"
"1551","139002","辛集市","1390","3"
"1552","140106","迎泽区","1401","3"
"1553","140107","杏花岭区","1401","3"
"1554","140109","万柏林区","1401","3"
"1555","140110","晋源区","1401","3"
"1556","140122","阳曲县","1401","3"
"1557","140123","娄烦县","1401","3"
"1558","140202","城区","1402","3"
"1559","140211","南郊区","1402","3"
"1560","140212","新荣区","1402","3"
"1561","140222","天镇县","1402","3"
"1562","140223","广灵县","1402","3"
"1563","140225","浑源县","1402","3"
"1564","140226","左云县","1402","3"
"1565","140302","城区","1403","3"
"1566","140311","郊区","1403","3"
"1567","140321","平定县","1403","3"
"1568","140402","城区","1404","3"
"1569","140421","长治县","1404","3"
"1570","140424","屯留县","1404","3"
"1571","140425","平顺县","1404","3"
"1572","140427","壶关县","1404","3"
"1573","140430","沁县","1404","3"
"1574","140431","沁源县","1404","3"
"1575","140502","城区","1405","3"
"1576","140522","阳城县","1405","3"
"1577","140524","陵川县","1405","3"
"1578","140581","高平市","1405","3"
"1579","140603","平鲁区","1406","3"
"1580","140621","山阴县","1406","3"
"1581","140623","右玉县","1406","3"
"1582","140624","怀仁县","1406","3"
"1583","140721","榆社县","1407","3"
"1584","140722","左权县","1407","3"
"1585","140724","昔阳县","1407","3"
"1586","140725","寿阳县","1407","3"
"1587","140727","祁县","1407","3"
"1588","140728","平遥县","1407","3"
"1589","140781","介休市","1407","3"
"1590","140821","临猗县","1408","3"
"1591","140822","万荣县","1408","3"
"1592","140824","稷山县","1408","3"
"1593","140825","新绛县","1408","3"
"1594","140827","垣曲县","1408","3"
"1595","140828","夏县","1408","3"
"1596","140830","芮城县","1408","3"
"1597","140881","永济市","1408","3"
"1598","140902","忻府区","1409","3"
"1599","140922","五台县","1409","3"
"1600","140923","代县","1409","3"
"1601","140925","宁武县","1409","3"
"1602","140926","静乐县","1409","3"
"1603","140928","五寨县","1409","3"
"1604","140929","岢岚县","1409","3"
"1605","140931","保德县","1409","3"
"1606","140932","偏关县","1409","3"
"1607","141021","曲沃县","1410","3"
"1608","141022","翼城县","1410","3"
"1609","141024","洪洞县","1410","3"
"1610","141027","浮山县","1410","3"
"1611","141028","吉县","1410","3"
"1612","141030","大宁县","1410","3"
"1613","141031","隰县","1410","3"
"1614","141033","蒲县","1410","3"
"1615","141034","汾西县","1410","3"
"1616","141082","霍州市","1410","3"
"1617","141121","文水县","1411","3"
"1618","141122","交城县","1411","3"
"1619","141124","临县","1411","3"
"1620","141125","柳林县","1411","3"
"1621","141127","岚县","1411","3"
"1622","141128","方山县","1411","3"
"1623","141130","交口县","1411","3"
"1624","141181","孝义市","1411","3"
"1625","150102","新城区","1501","3"
"1626","150104","玉泉区","1501","3"
"1627","150105","赛罕区","1501","3"
"1628","150122","托克托县","1501","3"
"1629","150123","和林格尔县","1501","3"
"1630","150125","武川县","1501","3"
"1631","150203","昆都仑区","1502","3"
"1632","150204","青山区","1502","3"
"1633","150206","白云鄂博矿区","1502","3"
"1634","150207","九原区","1502","3"
"1635","150222","固阳县","1502","3"
"1636","150223","达尔罕茂明安联合旗","1502","3"
"1637","150402","红山区","1504","3"
"1638","150404","松山区","1504","3"
"1639","150421","阿鲁科尔沁旗","1504","3"
"1640","150423","巴林右旗","1504","3"
"1641","150424","林西县","1504","3"
"1642","150426","翁牛特旗","1504","3"
"1643","150430","敖汉旗","1504","3"
"1644","150302","海勃湾区","1503","3"
"1645","150304","乌达区","1503","3"
"1646","150603","康巴什区","1506","3"
"1647","150621","达拉特旗","1506","3"
"1648","150623","鄂托克前旗","1506","3"
"1649","150624","鄂托克旗","1506","3"
"1650","150626","乌审旗","1506","3"
"1651","150627","伊金霍洛旗","1506","3"
"1652","150521","科尔沁左翼中旗","1505","3"
"1653","150522","科尔沁左翼后旗","1505","3"
"1654","150524","库伦旗","1505","3"
"1655","150525","奈曼旗","1505","3"
"1656","150581","霍林郭勒市","1505","3"
"1657","110101","东城区","11","3"
"1658","110105","朝阳区","11","3"
"1659","110106","丰台区","11","3"
"1660","110108","海淀区","11","3"
"1661","110109","门头沟区","11","3"
"1662","110112","通州区","11","3"
"1663","110113","顺义区","11","3"
"1664","110115","大兴区","11","3"
"1665","110116","怀柔区","11","3"
"1666","110118","密云区","11","3"
"1667","110119","延庆区","11","3"
"1668","120102","河东区","12","3"
"1669","120103","河西区","12","3"
"1670","120105","河北区","12","3"
"1671","120111","西青区","12","3"
"1672","120112","津南区","12","3"
"1673","120114","武清区","12","3"
"1674","120115","宝坻区","12","3"
"1675","120117","宁河区","12","3"
"1676","120118","静海区","12","3"
"1677","130102","长安区","1301","3"
"1678","130105","新华区","1301","3"
"1679","130107","井陉矿区","1301","3"
"1680","130109","藁城区","1301","3"
"1681","130110","鹿泉区","1301","3"
"1682","130121","井陉县","1301","3"
"1683","130123","正定县","1301","3"
"1684","130126","灵寿县","1301","3"
"1685","130127","高邑县","1301","3"
"1686","130129","赞皇县","1301","3"
"1687","130130","无极县","1301","3"
"1688","130132","元氏县","1301","3"
"1689","130133","赵县","1301","3"
"1690","130184","新乐市","1301","3"
"1691","130202","路南区","1302","3"
"1692","130204","古冶区","1302","3"
"1693","130205","开平区","1302","3"
"1694","130208","丰润区","1302","3"
"1695","130209","曹妃甸区","1302","3"
"1696","130224","滦南县","1302","3"
"1697","130225","乐亭县","1302","3"
"1698","130229","玉田县","1302","3"
"1699","130281","遵化市","1302","3"
"1700","130302","海港区","1303","3"
"1701","130304","北戴河区","1303","3"
"1702","130306","抚宁区","1303","3"
"1703","130322","昌黎县","1303","3"
"1704","130324","卢龙县","1303","3"
"1705","130402","邯山区","1304","3"
"1706","130406","峰峰矿区","1304","3"
"1707","130423","临漳县","1304","3"
"1708","130425","大名县","1304","3"
"1709","130426","涉县","1304","3"
"1710","130428","肥乡县","1304","3"
"1711","130429","永年县","1304","3"
"1712","650102","天山区","6501","3"
"1713","654201","塔城市","6542","3"
"1714","654202","乌苏市","6542","3"
"1715","654223","沙湾县","6542","3"
"1716","654224","托里县","6542","3"
"1717","654226","和布克赛尔蒙古自治县","6542","3"
"1718","650103","沙依巴克区","6501","3"
"1719","650105","水磨沟区","6501","3"
"1720","650106","头屯河区","6501","3"
"1721","650109","米东区","6501","3"
"1722","650121","乌鲁木齐县","6501","3"
"1723","650203","克拉玛依区","6502","3"
"1724","650204","白碱滩区","6502","3"
"1725","650402","高昌区","6504","3"
"1726","650421","鄯善县","6504","3"
"1727","650422","托克逊县","6504","3"
"1728","650521","巴里坤哈萨克自治县","6505","3"
"1729","650522","伊吾县","6505","3"
"1730","652302","阜康市","6523","3"
"1731","652323","呼图壁县","6523","3"
"1732","652325","奇台县","6523","3"
"1733","652327","吉木萨尔县","6523","3"
"1734","652701","博乐市","6527","3"
"1735","652702","阿拉山口市","6527","3"
"1736","652723","温泉县","6527","3"
"1737","652801","库尔勒市","6528","3"
"1738","652823","尉犁县","6528","3"
"1739","652824","若羌县","6528","3"
"1740","652826","焉耆回族自治县","6528","3"
"1741","652827","和静县","6528","3"
"1742","652829","博湖县","6528","3"
"1743","652901","阿克苏市","6529","3"
"1744","652923","库车县","6529","3"
"1745","652924","沙雅县","6529","3"
"1746","652927","乌什县","6529","3"
"1747","652929","柯坪县","6529","3"
"1748","653001","阿图什市","6530","3"
"1749","653023","阿合奇县","6530","3"
"1750","653024","乌恰县","6530","3"
"1751","653121","疏附县","6531","3"
"1752","653122","疏勒县","6531","3"
"1753","653124","泽普县","6531","3"
"1754","653125","莎车县","6531","3"
"1755","653127","麦盖提县","6531","3"
"1756","653128","岳普湖县","6531","3"
"1757","653130","巴楚县","6531","3"
"1758","653131","塔什库尔干塔吉克自治县","6531","3"
"1759","653221","和田县","6532","3"
"1760","653222","墨玉县","6532","3"
"1761","653224","洛浦县","6532","3"
"1762","653225","策勒县","6532","3"
"1763","653227","民丰县","6532","3"
"1764","654002","伊宁市","6540","3"
"1765","654004","霍尔果斯市","6540","3"
"1766","654021","伊宁县","6540","3"
"1767","654023","霍城县","6540","3"
"1768","654024","巩留县","6540","3"
"1769","654025","新源县","6540","3"
"1770","654027","特克斯县","6540","3"
"1771","654028","尼勒克县","6540","3"
"1772","654321","布尔津县","6543","3"
"1773","654322","富蕴县","6543","3"
"1774","654324","哈巴河县","6543","3"
"1775","654325","青河县","6543","3"
"1776","659001","石河子市","6590","3"
"1777","659002","阿拉尔市","6590","3"
"1778","659004","五家渠市","6590","3"
"1779","659006","铁门关市","6590","3"
"1780","520402","西秀区","5204","3"
"1781","520502","七星关区","5205","3"
"1782","520523","金沙县","5205","3"
"1783","520526","威宁彝族回族苗族自治县","5205","3"
"1784","520602","碧江区","5206","3"
"1785","520622","玉屏侗族自治县","5206","3"
"1786","520625","印江土家族苗族自治县","5206","3"
"1787","431302","娄星区","4313","3"
"1788","431381","冷水江市","4313","3"
"1789","522322","兴仁县","5223","3"
"1790","522325","贞丰县","5223","3"
"1791","522328","安龙县","5223","3"
"1792","522623","施秉县","5226","3"
"1793","522626","岑巩县","5226","3"
"1794","522629","剑河县","5226","3"
"1795","522632","榕江县","5226","3"
"1796","522635","麻江县","5226","3"
"1797","522702","福泉市","5227","3"
"1798","522725","瓮安县","5227","3"
"1799","522728","罗甸县","5227","3"
"1800","522731","惠水县","5227","3"
"1801","530102","五华区","5301","3"
"1802","530112","西山区","5301","3"
"1803","530122","晋宁县","5301","3"
"1804","530126","石林彝族自治县","5301","3"
"1805","530181","安宁市","5301","3"
"1806","530302","麒麟区","5303","3"
"1807","530322","陆良县","5303","3"
"1808","530325","富源县","5303","3"
"1809","530403","江川区","5304","3"
"1810","530424","华宁县","5304","3"
"1811","530427","新平彝族傣族自治县","5304","3"
"1812","530502","隆阳区","5305","3"
"1813","530524","昌宁县","5305","3"
"1814","530602","昭阳区","5306","3"
"1815","530623","盐津县","5306","3"
"1816","530626","绥江县","5306","3"
"1817","530629","威信县","5306","3"
"1818","530702","古城区","5307","3"
"1819","530723","华坪县","5307","3"
"1820","530802","思茅区","5308","3"
"1821","530822","墨江哈尼族自治县","5308","3"
"1822","530826","江城哈尼族彝族自治县","5308","3"
"1823","530829","西盟佤族自治县","5308","3"
"1824","530922","云县","5309","3"
"1825","530924","镇康县","5309","3"
"1826","530927","沧源佤族自治县","5309","3"
"1827","532324","南华县","5323","3"
"1828","532327","永仁县","5323","3"
"1829","532331","禄丰县","5323","3"
"1830","532524","建水县","5325","3"
"1831","532527","泸西县","5325","3"
"1832","532530","金平苗族瑶族傣族自治县","5325","3"
"1833","532622","砚山县","5326","3"
"1834","532625","马关县","5326","3"
"1835","532628","富宁县","5326","3"
"1836","532823","勐腊县","5328","3"
"1837","532923","祥云县","5329","3"
"1838","532926","南涧彝族自治县","5329","3"
"1839","532929","云龙县","5329","3"
"1840","532932","鹤庆县","5329","3"
"1841","533122","梁河县","5331","3"
"1842","533301","泸水市","5333","3"
"1843","533325","兰坪白族普米族自治县","5333","3"
"1844","540102","城关区","5401","3"
"1845","131182","深州市","1311","3"
"1846","140105","小店区","1401","3"
"1847","140108","尖草坪区","1401","3"
"1848","140121","清徐县","1401","3"
"1849","140181","古交市","1401","3"
"1850","140203","矿区","1402","3"
"1851","140221","阳高县","1402","3"
"1852","140224","灵丘县","1402","3"
"1853","140227","大同县","1402","3"
"1854","140303","矿区","1403","3"
"1855","140322","盂县","1403","3"
"1856","140411","郊区","1404","3"
"1857","140423","襄垣县","1404","3"
"1858","140426","黎城县","1404","3"
"1859","140429","武乡县","1404","3"
"1860","140481","潞城市","1404","3"
"1861","140521","沁水县","1405","3"
"1862","140525","泽州县","1405","3"
"1863","140602","朔城区","1406","3"
"1864","140622","应县","1406","3"
"1865","140702","榆次区","1407","3"
"1866","140723","和顺县","1407","3"
"1867","140726","太谷县","1407","3"
"1868","140729","灵石县","1407","3"
"1869","140802","盐湖区","1408","3"
"1870","140823","闻喜县","1408","3"
"1871","140826","绛县","1408","3"
"1872","140829","平陆县","1408","3"
"1873","140882","河津市","1408","3"
"1874","140921","定襄县","1409","3"
"1875","140924","繁峙县","1409","3"
"1876","140927","神池县","1409","3"
"1877","140930","河曲县","1409","3"
"1878","140981","原平市","1409","3"
"1879","141002","尧都区","1410","3"
"1880","141023","襄汾县","1410","3"
"1881","141026","安泽县","1410","3"
"1882","141029","乡宁县","1410","3"
"1883","141032","永和县","1410","3"
"1884","141081","侯马市","1410","3"
"1885","141102","离石区","1411","3"
"1886","141123","兴县","1411","3"
"1887","141129","中阳县","1411","3"
"1888","141182","汾阳市","1411","3"
"1889","150103","回民区","1501","3"
"1890","150121","土默特左旗","1501","3"
"1891","150124","清水河县","1501","3"
"1892","150202","东河区","1502","3"
"1893","150205","石拐区","1502","3"
"1894","150221","土默特右旗","1502","3"
"1895","150403","元宝山区","1504","3"
"1896","150422","巴林左旗","1504","3"
"1897","150425","克什克腾旗","1504","3"
"1898","150429","宁城县","1504","3"
"1899","150303","海南区","1503","3"
"1900","150602","东胜区","1506","3"
"1901","150622","准格尔旗","1506","3"
"1902","150625","杭锦旗","1506","3"
"1903","150502","科尔沁区","1505","3"
"1904","150523","开鲁县","1505","3"
"1905","150526","扎鲁特旗","1505","3"
"1906","150702","海拉尔区","1507","3"
"1907","150722","莫力达瓦达斡尔族自治旗","1507","3"
"1908","150725","陈巴尔虎旗","1507","3"
"1909","150781","满洲里市","1507","3"
"1910","150784","额尔古纳市","1507","3"
"1911","150802","临河区","1508","3"
"1912","150823","乌拉特前旗","1508","3"
"1913","150826","杭锦后旗","1508","3"
"1914","150921","卓资县","1509","3"
"1915","150924","兴和县","1509","3"
"1916","150927","察哈尔右翼中旗","1509","3"
"1917","152201","乌兰浩特市","1522","3"
"1918","152222","科尔沁右翼中旗","1522","3"
"1919","152501","二连浩特市","1525","3"
"1920","152523","苏尼特左旗","1525","3"
"1921","152526","西乌珠穆沁旗","1525","3"
"1922","152529","正镶白旗","1525","3"
"1923","152921","阿拉善左旗","1529","3"
"1924","210102","和平区","2101","3"
"1925","210111","苏家屯区","2101","3"
"1926","210114","于洪区","2101","3"
"1927","210124","法库县","2101","3"
"1928","210202","中山区","2102","3"
"1929","210211","甘井子区","2102","3"
"1930","210214","普兰店区","2102","3"
"1931","210283","庄河市","2102","3"
"1932","210303","铁西区","2103","3"
"1933","210321","台安县","2103","3"
"1934","210403","东洲区","2104","3"
"1935","210421","抚顺县","2104","3"
"1936","210502","平山区","2105","3"
"1937","210505","南芬区","2105","3"
"1938","210603","振兴区","2106","3"
"1939","210681","东港市","2106","3"
"1940","210703","凌河区","2107","3"
"1941","210727","义县","2107","3"
"1942","210802","站前区","2108","3"
"1943","210811","老边区","2108","3"
"1944","210903","新邱区","2109","3"
"1945","210911","细河区","2109","3"
"1946","211002","白塔区","2110","3"
"1947","211021","辽阳县","2110","3"
"1948","211102","双台子区","2111","3"
"1949","211122","盘山县","2111","3"
"1950","211204","清河区","2112","3"
"1951","211224","昌图县","2112","3"
"1952","211302","双塔区","2113","3"
"1953","211322","建平县","2113","3"
"1954","211382","凌源市","2113","3"
"1955","211403","龙港区","2114","3"
"1956","211422","建昌县","2114","3"
"1957","220102","南关区","2201","3"
"1958","220105","二道区","2201","3"
"1959","220113","九台区","2201","3"
"1960","220203","龙潭区","2202","3"
"1961","220211","丰满区","2202","3"
"1962","220282","桦甸市","2202","3"
"1963","220303","铁东区","2203","3"
"1964","220381","公主岭市","2203","3"
"1965","220402","龙山区","2204","3"
"1966","220422","东辽县","2204","3"
"1967","110102","西城区","11","3"
"1968","110107","石景山区","11","3"
"1969","110111","房山区","11","3"
"1970","110114","昌平区","11","3"
"1971","110117","平谷区","11","3"
"1972","120101","和平区","12","3"
"1973","120104","南开区","12","3"
"1974","120110","东丽区","12","3"
"1975","120113","北辰区","12","3"
"1976","120116","滨海新区","12","3"
"1977","120119","蓟州区","12","3"
"1978","130104","桥西区","1301","3"
"1979","130108","裕华区","1301","3"
"1980","130111","栾城区","1301","3"
"1981","130125","行唐县","1301","3"
"1982","130128","深泽县","1301","3"
"1983","130131","平山县","1301","3"
"1984","130183","晋州市","1301","3"
"1985","130203","路北区","1302","3"
"1986","130223","滦县","1302","3"
"1987","130227","迁西县","1302","3"
"1988","130283","迁安市","1302","3"
"1989","130303","山海关区","1303","3"
"1990","130321","青龙满族自治县","1303","3"
"1991","130403","丛台区","1304","3"
"1992","130421","邯郸县","1304","3"
"1993","130424","成安县","1304","3"
"1994","130427","磁县","1304","3"
"1995","130430","邱县","1304","3"
"1996","130433","馆陶县","1304","3"
"1997","130481","武安市","1304","3"
"1998","130503","桥西区","1305","3"
"1999","130523","内丘县","1305","3"
"2000","130526","任县","1305","3"
"2001","130529","巨鹿县","1305","3"
"2002","130532","平乡县","1305","3"
"2003","130535","临西县","1305","3"
"2004","130602","竞秀区","1306","3"
"2005","130608","清苑区","1306","3"
"2006","341225","阜南县","3412","3"
"2007","341302","桥区","3413","3"
"2008","341323","灵璧县","3413","3"
"2009","341502","金安区","3415","3"
"2010","341522","霍邱县","3415","3"
"2011","341525","霍山县","3415","3"
"2012","341621","涡阳县","3416","3"
"2013","341702","贵池区","3417","3"
"2014","341723","青阳县","3417","3"
"2015","341821","郎溪县","3418","3"
"2016","341824","绩溪县","3418","3"
"2017","350103","台江区","3501","3"
"2018","350111","晋安区","3501","3"
"2019","350123","罗源县","3501","3"
"2020","350128","平潭县","3501","3"
"2021","350203","思明区","3502","3"
"2022","350211","集美区","3502","3"
"2023","350305","秀屿区","3503","3"
"2024","350402","梅列区","3504","3"
"2025","350423","清流县","3504","3"
"2026","220602","浑江区","2206","3"
"2027","220622","靖宇县","2206","3"
"2028","220502","东昌区","2205","3"
"2029","220521","通化县","2205","3"
"2030","220581","梅河口市","2205","3"
"2031","220702","宁江区","2207","3"
"2032","220723","乾安县","2207","3"
"2033","220802","洮北区","2208","3"
"2034","220881","洮南市","2208","3"
"2035","222402","图们市","2224","3"
"2036","222405","龙井市","2224","3"
"2037","222426","安图县","2224","3"
"2038","230103","南岗区","2301","3"
"2039","230109","松北区","2301","3"
"2040","230112","阿城区","2301","3"
"2041","230124","方正县","2301","3"
"2042","230127","木兰县","2301","3"
"2043","230183","尚志市","2301","3"
"2044","310104","徐汇区","31","3"
"2045","310107","普陀区","31","3"
"2046","310112","闵行区","31","3"
"2047","310115","浦东新区","31","3"
"2048","310118","青浦区","31","3"
"2049","230202","龙沙区","2302","3"
"2050","230205","昂昂溪区","2302","3"
"2051","230206","富拉尔基区","2302","3"
"2052","230221","龙江县","2302","3"
"2053","230225","甘南县","2302","3"
"2054","230230","克东县","2302","3"
"2055","230303","恒山区","2303","3"
"2056","230321","鸡东县","2303","3"
"2057","230403","工农区","2304","3"
"2058","230406","东山区","2304","3"
"2059","230422","绥滨县","2304","3"
"2060","230503","岭东区","2305","3"
"2061","230521","集贤县","2305","3"
"2062","230524","饶河县","2305","3"
"2063","230603","龙凤区","2306","3"
"2064","230605","红岗区","2306","3"
"2065","230622","肇源县","2306","3"
"2066","230703","南岔区","2307","3"
"2067","230706","翠峦区","2307","3"
"2068","230709","金山屯区","2307","3"
"2069","230712","汤旺河区","2307","3"
"2070","230715","红星区","2307","3"
"2071","230781","铁力市","2307","3"
"2072","230803","向阳区","2308","3"
"2073","230811","郊区","2308","3"
"2074","230826","桦川县","2308","3"
"2075","230882","富锦市","2308","3"
"2076","230902","新兴区","2309","3"
"2077","230921","勃利县","2309","3"
"2078","231003","阳明区","2310","3"
"2079","231025","林口县","2310","3"
"2080","231084","宁安市","2310","3"
"2081","540122","当雄县","5401","3"
"2082","540126","达孜县","5401","3"
"2083","540221","南木林县","5402","3"
"2084","540321","江达县","5403","3"
"2085","540324","丁青县","5403","3"
"2086","540327","左贡县","5403","3"
"2087","540330","边坝县","5403","3"
"2088","540225","拉孜县","5402","3"
"2089","540228","白朗县","5402","3"
"2090","540230","康马县","5402","3"
"2091","540233","亚东县","5402","3"
"2092","540236","萨嘎县","5402","3"
"2093","540421","工布江达县","5404","3"
"2094","540424","波密县","5404","3"
"2095","540521","扎囊县","5405","3"
"2096","540524","琼结县","5405","3"
"2097","540527","洛扎县","5405","3"
"2098","540530","错那县","5405","3"
"2099","542422","嘉黎县","5424","3"
"2100","542425","安多县","5424","3"
"2101","542428","班戈县","5424","3"
"2102","542431","双湖县","5424","3"
"2103","542523","噶尔县","5425","3"
"2104","542526","改则县","5425","3"
"2105","513221","汶川县","5132","3"
"2106","513224","松潘县","5132","3"
"2107","513226","金川县","5132","3"
"2108","513230","壤塘县","5132","3"
"2109","513233","红原县","5132","3"
"2110","610103","碑林区","6101","3"
"2111","610112","未央区","6101","3"
"2112","610115","临潼区","6101","3"
"2113","610122","蓝田县","6101","3"
"2114","610203","印台区","6102","3"
"2115","610302","渭滨区","6103","3"
"2116","610322","凤翔县","6103","3"
"2117","610326","眉县","6103","3"
"2118","610329","麟游县","6103","3"
"2119","610402","秦都区","6104","3"
"2120","610422","三原县","6104","3"
"2121","610425","礼泉县","6104","3"
"2122","610428","长武县","6104","3"
"2123","610431","武功县","6104","3"
"2124","610503","华州区","6105","3"
"2125","610524","合阳县","6105","3"
"2126","610527","白水县","6105","3"
"2127","610582","华阴市","6105","3"
"2128","610603","安塞区","6106","3"
"2129","610622","延川县","6106","3"
"2130","610626","吴起县","6106","3"
"2131","610629","洛川县","6106","3"
"2132","610632","黄陵县","6106","3"
"2133","610721","南郑县","6107","3"
"2134","610724","西乡县","6107","3"
"2135","610727","略阳县","6107","3"
"2136","610730","佛坪县","6107","3"
"2137","610803","横山区","6108","3"
"2138","610824","靖边县","6108","3"
"2139","610827","米脂县","6108","3"
"2140","610902","汉滨区","6109","3"
"2141","610923","宁陕县","6109","3"
"2142","610926","平利县","6109","3"
"2143","610929","白河县","6109","3"
"2144","611002","商州区","6110","3"
"2145","611023","商南县","6110","3"
"2146","350426","尤溪县","3504","3"
"2147","350429","泰宁县","3504","3"
"2148","350503","丰泽区","3505","3"
"2149","350521","惠安县","3505","3"
"2150","350526","德化县","3505","3"
"2151","350582","晋江市","3505","3"
"2152","350603","龙文区","3506","3"
"2153","350624","诏安县","3506","3"
"2154","350627","南靖县","3506","3"
"2155","350681","龙海市","3506","3"
"2156","350703","建阳区","3507","3"
"2157","350723","光泽县","3507","3"
"2158","350781","邵武市","3507","3"
"2159","350802","新罗区","3508","3"
"2160","350823","上杭县","3508","3"
"2161","350881","漳平市","3508","3"
"2162","360103","西湖区","3601","3"
"2163","360111","青山湖区","3601","3"
"2164","360123","安义县","3601","3"
"2165","360202","昌江区","3602","3"
"2166","360281","乐平市","3602","3"
"2167","360313","湘东区","3603","3"
"2168","360323","芦溪县","3603","3"
"2169","360403","浔阳区","3604","3"
"2170","360423","武宁县","3604","3"
"2171","360426","德安县","3604","3"
"2172","360430","彭泽县","3604","3"
"2173","360482","共青城市","3604","3"
"2174","360502","渝水区","3605","3"
"2175","360602","月湖区","3606","3"
"2176","360703","南康区","3607","3"
"2177","360723","大余县","3607","3"
"2178","360726","安远县","3607","3"
"2179","360729","全南县","3607","3"
"2180","360732","兴国县","3607","3"
"2181","360735","石城县","3607","3"
"2182","360803","青原区","3608","3"
"2183","360823","峡江县","3608","3"
"2184","360826","泰和县","3608","3"
"2185","360829","安福县","3608","3"
"2186","361002","临川区","3610","3"
"2187","361023","南丰县","3610","3"
"2188","361026","宜黄县","3610","3"
"2189","361029","东乡县","3610","3"
"2190","361102","信州区","3611","3"
"2191","361123","玉山县","3611","3"
"2192","361126","弋阳县","3611","3"
"2193","361129","万年县","3611","3"
"2194","370202","市南区","3702","3"
"2195","370212","崂山区","3702","3"
"2196","370281","胶州市","3702","3"
"2197","370285","莱西市","3702","3"
"2198","370105","天桥区","3701","3"
"2199","370124","平阴县","3701","3"
"2200","370181","章丘市","3701","3"
"2201","370303","张店区","3703","3"
"2202","370306","周村区","3703","3"
"2203","370323","沂源县","3703","3"
"2204","370403","薛城区","3704","3"
"2205","370405","台儿庄区","3704","3"
"2206","370503","河口区","3705","3"
"2207","370523","广饶县","3705","3"
"2208","360921","奉新县","3609","3"
"2209","231121","嫩江县","2311","3"
"2210","231181","北安市","2311","3"
"2211","231202","北林区","2312","3"
"2212","231223","青冈县","2312","3"
"2213","231226","绥棱县","2312","3"
"2214","231283","海伦市","2312","3"
"2215","232721","呼玛县","2327","3"
"2216","320104","秦淮区","3201","3"
"2217","320111","浦口区","3201","3"
"2218","320115","江宁区","3201","3"
"2219","320118","高淳区","3201","3"
"2220","320205","锡山区","3202","3"
"2221","320213","梁溪区","3202","3"
"2222","320282","宜兴市","3202","3"
"2223","320303","云龙区","3203","3"
"2224","320312","铜山区","3203","3"
"2225","320404","钟楼区","3204","3"
"2226","320413","金坛区","3204","3"
"2227","320381","新沂市","3203","3"
"2228","320505","虎丘区","3205","3"
"2229","320507","相城区","3205","3"
"2230","320581","常熟市","3205","3"
"2231","320585","太仓市","3205","3"
"2232","611026","柞水县","6110","3"
"2233","630103","城中区","6301","3"
"2234","630121","大通回族土族自治县","6301","3"
"2235","630203","平安区","6302","3"
"2236","630224","化隆回族自治县","6302","3"
"2237","632222","祁连县","6322","3"
"2238","632321","同仁县","6323","3"
"2239","632324","河南蒙古族自治县","6323","3"
"2240","632523","贵德县","6325","3"
"2241","632621","玛沁县","6326","3"
"2242","632701","玉树市","6327","3"
"2243","632724","治多县","6327","3"
"2244","632801","格尔木市","6328","3"
"2245","632822","都兰县","6328","3"
"2246","640104","兴庆区","6401","3"
"2247","640202","大武口区","6402","3"
"2248","640106","金凤区","6401","3"
"2249","640181","灵武市","6401","3"
"2250","640422","西吉县","6404","3"
"2251","640425","彭阳县","6404","3"
"2252","640303","红寺堡区","6403","3"
"2253","640381","青铜峡市","6403","3"
"2254","640521","中宁县","6405","3"
"2255","451321","忻城县","4513","3"
"2256","451324","金秀瑶族自治县","4513","3"
"2257","320623","如东县","3206","3"
"2258","320684","海门市","3206","3"
"2259","320706","海州区","3207","3"
"2260","320723","灌云县","3207","3"
"2261","320803","淮安区","3208","3"
"2262","320813","洪泽区","3208","3"
"2263","320831","金湖县","3208","3"
"2264","320903","盐都区","3209","3"
"2265","320922","滨海县","3209","3"
"2266","320925","建湖县","3209","3"
"2267","321002","广陵区","3210","3"
"2268","321012","江都区","3210","3"
"2269","321084","高邮市","3210","3"
"2270","321111","润州区","3211","3"
"2271","321182","扬中市","3211","3"
"2272","321202","海陵区","3212","3"
"2273","321281","兴化市","3212","3"
"2274","321311","宿豫区","3213","3"
"2275","321324","泗洪县","3213","3"
"2276","330102","上城区","3301","3"
"2277","330105","拱墅区","3301","3"
"2278","330109","萧山区","3301","3"
"2279","330122","桐庐县","3301","3"
"2280","330185","临安市","3301","3"
"2281","330204","江东区","3302","3"
"2282","330211","镇海区","3302","3"
"2283","330226","宁海县","3302","3"
"2284","330283","奉化市","3302","3"
"2285","330303","龙湾区","3303","3"
"2286","330326","平阳县","3303","3"
"2287","330328","文成县","3303","3"
"2288","330382","乐清市","3303","3"
"2289","330411","秀洲区","3304","3"
"2290","330481","海宁市","3304","3"
"2291","330503","南浔区","3305","3"
"2292","330523","安吉县","3305","3"
"2293","330603","柯桥区","3306","3"
"2294","330681","诸暨市","3306","3"
"2295","330703","金东区","3307","3"
"2296","330727","磐安县","3307","3"
"2297","330783","东阳市","3307","3"
"2298","330824","开化县","3308","3"
"2299","330902","定海区","3309","3"
"2300","331003","黄岩区","3310","3"
"2301","331022","三门县","3310","3"
"2302","331081","温岭市","3310","3"
"2303","331102","莲都区","3311","3"
"2304","331123","遂昌县","3311","3"
"2305","331126","庆元县","3311","3"
"2306","340102","瑶海区","3401","3"
"2307","340111","包河区","3401","3"
"2308","340123","肥西县","3401","3"
"2309","340203","弋江区","3402","3"
"2310","340221","芜湖县","3402","3"
"2311","340225","无为县","3402","3"
"2312","340303","蚌山区","3403","3"
"2313","340311","淮上区","3403","3"
"2314","340323","固镇县","3403","3"
"2315","340403","田家庵区","3404","3"
"2316","340406","潘集区","3404","3"
"2317","340504","雨山区","3405","3"
"2318","340522","含山县","3405","3"
"2319","340602","杜集区","3406","3"
"2320","340621","濉溪县","3406","3"
"2321","340706","义安区","3407","3"
"2322","340722","枞阳县","3407","3"
"2323","341003","黄山区","3410","3"
"2324","341103","南谯区","3411","3"
"2325","341125","定远县","3411","3"
"2326","341182","明光市","3411","3"
"2327","341022","休宁县","3410","3"
"2328","341203","颍东区","3412","3"
"2329","430726","石门县","4307","3"
"2330","430802","永定区","4308","3"
"2331","430821","慈利县","4308","3"
"2332","430902","资阳区","4309","3"
"2333","430922","桃江县","4309","3"
"2334","431003","苏仙区","4310","3"
"2335","431023","永兴县","4310","3"
"2336","431026","汝城县","4310","3"
"2337","431081","资兴市","4310","3"
"2338","431123","双牌县","4311","3"
"2339","431126","宁远县","4311","3"
"2340","431129","江华瑶族自治县","4311","3"
"2341","340803","大观区","3408","3"
"2342","340824","潜山县","3408","3"
"2343","340827","望江县","3408","3"
"2344","431202","鹤城区","4312","3"
"2345","431223","辰溪县","4312","3"
"2346","431226","麻阳苗族自治县","4312","3"
"2347","431229","靖州苗族侗族自治县","4312","3"
"2348","433122","泸溪县","4331","3"
"2349","433125","保靖县","4331","3"
"2350","433130","龙山县","4331","3"
"2351","350921","霞浦县","3509","3"
"2352","350924","寿宁县","3509","3"
"2353","350926","柘荣县","3509","3"
"2354","422801","恩施市","4228","3"
"2355","422823","巴东县","4228","3"
"2356","422827","来凤县","4228","3"
"2357","429005","潜江市","4290","3"
"2358","440104","越秀区","4401","3"
"2359","440111","白云区","4401","3"
"2360","440114","花都区","4401","3"
"2361","440118","增城区","4401","3"
"2362","440204","浈江区","4402","3"
"2363","440224","仁化县","4402","3"
"2364","440232","乳源瑶族自治县","4402","3"
"2365","440303","罗湖区","4403","3"
"2366","440306","宝安区","4403","3"
"2367","440403","斗门区","4404","3"
"2368","440507","龙湖区","4405","3"
"2369","440523","南澳县","4405","3"
"2370","440604","禅城区","4406","3"
"2371","440607","三水区","4406","3"
"2372","445202","榕城区","4452","3"
"2373","445224","惠来县","4452","3"
"2374","445102","湘桥区","4451","3"
"2375","445303","云安区","4453","3"
"2376","445381","罗定市","4453","3"
"2377","450103","青秀区","4501","3"
"2378","450108","良庆区","4501","3"
"2379","450110","武鸣区","4501","3"
"2380","450125","上林县","4501","3"
"2381","430406","雁峰区","4304","3"
"2382","430412","南岳区","4304","3"
"2383","430423","衡山县","4304","3"
"2384","430481","耒阳市","4304","3"
"2385","450202","城中区","4502","3"
"2386","450205","柳北区","4502","3"
"2387","450303","叠彩区","4503","3"
"2388","450305","七星区","4503","3"
"2389","450321","阳朔县","4503","3"
"2390","450325","兴安县","4503","3"
"2391","450328","龙胜各族自治县","4503","3"
"2392","450332","恭城瑶族自治县","4503","3"
"2393","450223","鹿寨县","4502","3"
"2394","450226","三江侗族自治县","4502","3"
"2395","371521","阳谷县","3715","3"
"2396","371524","东阿县","3715","3"
"2397","371581","临清市","3715","3"
"2398","450405","长洲区","4504","3"
"2399","450422","藤县","4504","3"
"2400","450502","海城区","4505","3"
"2401","450521","合浦县","4505","3"
"2402","450603","防城区","4506","3"
"2403","450703","钦北区","4507","3"
"2404","450802","港北区","4508","3"
"2405","450821","平南县","4508","3"
"2406","450922","陆川县","4509","3"
"2407","450981","北流市","4509","3"
"2408","451021","田阳县","4510","3"
"2409","451024","德保县","4510","3"
"2410","451028","乐业县","4510","3"
"2411","451031","隆林各族自治县","4510","3"
"2412","451102","八步区","4511","3"
"2413","451121","昭平县","4511","3"
"2414","451221","南丹县","4512","3"
"2415","451224","东兰县","4512","3"
"2416","451227","巴马瑶族自治县","4512","3"
"2417","451281","宜州市","4512","3"
"2418","451421","扶绥县","4514","3"
"2419","130609","徐水区","1306","3"
"2420","130626","定兴县","1306","3"
"2421","130629","容城县","1306","3"
"2422","130632","安新县","1306","3"
"2423","130635","蠡县","1306","3"
"2424","130638","雄县","1306","3"
"2425","130684","高碑店市","1306","3"
"2426","130821","承德县","1308","3"
"2427","130824","滦平县","1308","3"
"2428","130827","宽城满族自治县","1308","3"
"2429","130702","桥东区","1307","3"
"2430","130706","下花园区","1307","3"
"2431","130722","张北县","1307","3"
"2432","130725","尚义县","1307","3"
"2433","130728","怀安县","1307","3"
"2434","130732","赤城县","1307","3"
"2435","130903","运河区","1309","3"
"2436","130923","东光县","1309","3"
"2437","130926","肃宁县","1309","3"
"2438","130929","献县","1309","3"
"2439","130981","泊头市","1309","3"
"2440","130984","河间市","1309","3"
"2441","131003","广阳区","1310","3"
"2442","131024","香河县","1310","3"
"2443","131028","大厂回族自治县","1310","3"
"2444","131103","冀州区","1311","3"
"2445","131123","武强县","1311","3"
"2446","131126","故城县","1311","3"
"2447","360924","宜丰县","3609","3"
"2448","360981","丰城市","3609","3"
"2449","370602","芝罘区","3706","3"
"2450","370613","莱山区","3706","3"
"2451","370682","莱阳市","3706","3"
"2452","370685","招远市","3706","3"
"2453","370705","奎文区","3707","3"
"2454","370781","青州市","3707","3"
"2455","370784","安丘市","3707","3"
"2456","370812","兖州区","3708","3"
"2457","370828","金乡县","3708","3"
"2458","370831","泗水县","3708","3"
"2459","370883","邹城市","3708","3"
"2460","370902","泰山区","3709","3"
"2461","370923","东平县","3709","3"
"2462","371003","文登区","3710","3"
"2463","371102","东港区","3711","3"
"2464","371122","莒县","3711","3"
"2465","371203","钢城区","3712","3"
"2466","371311","罗庄区","3713","3"
"2467","371322","郯城县","3713","3"
"2468","371325","费县","3713","3"
"2469","371328","蒙阴县","3713","3"
"2470","371402","德城区","3714","3"
"2471","371423","庆云县","3714","3"
"2472","371426","平原县","3714","3"
"2473","371481","乐陵市","3714","3"
"2474","371603","沾化区","3716","3"
"2475","371623","无棣县","3716","3"
"2476","371703","定陶区","3717","3"
"2477","371722","单县","3717","3"
"2478","371725","郓城县","3717","3"
"2479","410103","二七区","4101","3"
"2480","410106","上街区","4101","3"
"2481","410181","巩义市","4101","3"
"2482","410184","新郑市","4101","3"
"2483","410202","龙亭区","4102","3"
"2484","410205","禹王台区","4102","3"
"2485","410221","杞县","4102","3"
"2486","410223","尉氏县","4102","3"
"2487","410302","老城区","4103","3"
"2488","410305","涧西区","4103","3"
"2489","410322","孟津县","4103","3"
"2490","410325","嵩县","4103","3"
"2491","410403","卫东区","4104","3"
"2492","410421","宝丰县","4104","3"
"2493","410425","郏县","4104","3"
"2494","410482","汝州市","4104","3"
"2495","451424","大新县","4514","3"
"2496","460105","秀英区","4601","3"
"2497","460108","美兰区","4601","3"
"2498","460203","吉阳区","4602","3"
"2499","460321","西沙群岛","4603","3"
"2500","469005","文昌市","4690","3"
"2501","469021","定安县","4690","3"
"2502","469024","临高县","4690","3"
"2503","469027","乐东黎族自治县","4690","3"
"2504","469030","琼中黎族苗族自治县","4690","3"
"2505","510106","金牛区","5101","3"
"2506","510112","龙泉驿区","5101","3"
"2507","510115","温江区","5101","3"
"2508","510124","郫县","5101","3"
"2509","510132","新津县","5101","3"
"2510","510182","彭州市","5101","3"
"2511","510185","简阳市","5101","3"
"2512","510302","自流井区","5103","3"
"2513","510311","沿滩区","5103","3"
"2514","510402","东区","5104","3"
"2515","510421","米易县","5104","3"
"2516","510502","江阳区","5105","3"
"2517","510521","泸县","5105","3"
"2518","510525","古蔺县","5105","3"
"2519","510623","中江县","5106","3"
"2520","510682","什邡市","5106","3"
"2521","510704","游仙区","5107","3"
"2522","510723","盐亭县","5107","3"
"2523","510727","平武县","5107","3"
"2524","510802","利州区","5108","3"
"2525","510821","旺苍县","5108","3"
"2526","510824","苍溪县","5108","3"
"2527","510904","安居区","5109","3"
"2528","511011","东兴区","5110","3"
"2529","511025","资中县","5110","3"
"2530","511102","市中区","5111","3"
"2531","511113","金口河区","5111","3"
"2532","511126","夹江县","5111","3"
"2533","511133","马边彝族自治县","5111","3"
"2534","511303","高坪区","5113","3"
"2535","511321","南部县","5113","3"
"2536","511324","仪陇县","5113","3"
"2537","511403","彭山区","5114","3"
"2538","511424","丹棱县","5114","3"
"2539","511502","翠屏区","5115","3"
"2540","511523","江安县","5115","3"
"2541","511526","珙县","5115","3"
"2542","511529","屏山县","5115","3"
"2543","511602","广安区","5116","3"
"2544","511622","武胜县","5116","3"
"2545","511703","达川区","5117","3"
"2546","511724","大竹县","5117","3"
"2547","511802","雨城区","5118","3"
"2548","511823","汉源县","5118","3"
"2549","511826","芦山县","5118","3"
"2550","511902","巴州区","5119","3"
"2551","511922","南江县","5119","3"
"2552","512002","雁江区","5120","3"
"2553","513301","康定市","5133","3"
"2554","440608","高明区","4406","3"
"2555","440703","蓬江区","4407","3"
"2556","440781","台山市","4407","3"
"2557","440785","恩平市","4407","3"
"2558","440803","霞山区","4408","3"
"2559","440823","遂溪县","4408","3"
"2560","440882","雷州市","4408","3"
"2561","440902","茂南区","4409","3"
"2562","440982","化州市","4409","3"
"2563","441202","端州区","4412","3"
"2564","441226","德庆县","4412","3"
"2565","441302","惠城区","4413","3"
"2566","441323","惠东县","4413","3"
"2567","441403","梅县区","4414","3"
"2568","441424","五华县","4414","3"
"2569","441481","兴宁市","4414","3"
"2570","441521","海丰县","4415","3"
"2571","441602","源城区","4416","3"
"2572","441623","连平县","4416","3"
"2573","441704","阳东区","4417","3"
"2574","441802","清城区","4418","3"
"2575","441823","阳山县","4418","3"
"2576","441881","英德市","4418","3"
"2577","410503","北关区","4105","3"
"2578","410522","安阳县","4105","3"
"2579","410527","内黄县","4105","3"
"2580","410603","山城区","4106","3"
"2581","410622","淇县","4106","3"
"2582","410703","卫滨区","4107","3"
"2583","410721","新乡县","4107","3"
"2584","410726","延津县","4107","3"
"2585","410781","卫辉市","4107","3"
"2586","410803","中站区","4108","3"
"2587","410821","修武县","4108","3"
"2588","410825","温县","4108","3"
"2589","410902","华龙区","4109","3"
"2590","410926","范县","4109","3"
"2591","410883","孟州市","4108","3"
"2592","411023","许昌县","4110","3"
"2593","411025","襄城县","4110","3"
"2594","411103","郾城区","4111","3"
"2595","411122","临颍县","4111","3"
"2596","411203","陕州区","4112","3"
"2597","411281","义马市","4112","3"
"2598","411302","宛城区","4113","3"
"2599","411322","方城县","4113","3"
"2600","411325","内乡县","4113","3"
"2601","411328","唐河县","4113","3"
"2602","411330","桐柏县","4113","3"
"2603","411402","梁园区","4114","3"
"2604","411422","睢县","4114","3"
"2605","411425","虞城县","4114","3"
"2606","411503","平桥区","4115","3"
"2607","411523","新县","4115","3"
"2608","411526","潢川县","4115","3"
"2609","411528","息县","4115","3"
"2610","411621","扶沟县","4116","3"
"2611","411624","沈丘县","4116","3"
"2612","411627","太康县","4116","3"
"2613","411721","西平县","4117","3"
"2614","411724","正阳县","4117","3"
"2615","411727","汝南县","4117","3"
"2616","419001","济源市","4190","3"
"2617","420102","江岸区","4201","3"
"2618","420105","汉阳区","4201","3"
"2619","420111","洪山区","4201","3"
"2620","420114","蔡甸区","4201","3"
"2621","420117","新洲区","4201","3"
"2622","420203","西塞山区","4202","3"
"2623","420303","张湾区","4203","3"
"2624","420323","竹山县","4203","3"
"2625","420381","丹江口市","4203","3"
"2626","420503","伍家岗区","4205","3"
"2627","420506","夷陵区","4205","3"
"2628","420527","秭归县","4205","3"
"2629","420581","宜都市","4205","3"
"2630","420602","襄城区","4206","3"
"2631","420624","南漳县","4206","3"
"2632","420682","老河口市","4206","3"
"2633","420703","华容区","4207","3"
"2634","420802","东宝区","4208","3"
"2635","420822","沙洋县","4208","3"
"2636","421003","荆州区","4210","3"
"2637","421024","江陵县","4210","3"
"2638","421087","松滋市","4210","3"
"2639","421121","团风县","4211","3"
"2640","421124","英山县","4211","3"
"2641","421127","黄梅县","4211","3"
"2642","421202","咸安区","4212","3"
"2643","421223","崇阳县","4212","3"
"2644","421321","随县","4213","3"
"2645","430102","芙蓉区","4301","3"
"2646","430104","岳麓区","4301","3"
"2647","430112","望城区","4301","3"
"2648","430181","浏阳市","4301","3"
"2649","430203","芦淞区","4302","3"
"2650","430221","株洲县","4302","3"
"2651","430225","炎陵县","4302","3"
"2652","430302","雨湖区","4303","3"
"2653","430381","湘乡市","4303","3"
"2654","420902","孝南区","4209","3"
"2655","420923","云梦县","4209","3"
"2656","420984","汉川市","4209","3"
"2657","430503","大祥区","4305","3"
"2658","430522","新邵县","4305","3"
"2659","430525","洞口县","4305","3"
"2660","430529","城步苗族自治县","4305","3"
"2661","430602","岳阳楼区","4306","3"
"2662","430621","岳阳县","4306","3"
"2663","430626","平江县","4306","3"
"2664","430702","武陵区","4307","3"
"2665","430722","汉寿县","4307","3"
"2666","513325","雅江县","5133","3"
"2667","513327","炉霍县","5133","3"
"2668","513330","德格县","5133","3"
"2669","513333","色达县","5133","3"
"2670","513336","乡城县","5133","3"
"2671","513401","西昌市","5134","3"
"2672","513424","德昌县","5134","3"
"2673","513427","宁南县","5134","3"
"2674","513430","金阳县","5134","3"
"2675","513433","冕宁县","5134","3"
"2676","513436","美姑县","5134","3"
"2677","520102","南明区","5201","3"
"2678","520112","乌当区","5201","3"
"2679","520121","开阳县","5201","3"
"2680","520123","修文县","5201","3"
"2681","520302","红花岗区","5203","3"
"2682","520322","桐梓县","5203","3"
"2683","520325","道真仡佬族苗族自治县","5203","3"
"2684","520328","湄潭县","5203","3"
"2685","520381","赤水市","5203","3"
"2686","654221","额敏县","6542","3"
"2687","654225","裕民县","6542","3"
"2688","650104","新市区","6501","3"
"2689","650107","达坂城区","6501","3"
"2690","650202","独山子区","6502","3"
"2691","650205","乌尔禾区","6502","3"
"2692","650502","伊州区","6505","3"
"2693","652301","昌吉市","6523","3"
"2694","652324","玛纳斯县","6523","3"
"2695","652328","木垒哈萨克自治县","6523","3"
"2696","652722","精河县","6527","3"
"2697","652822","轮台县","6528","3"
"2698","652825","且末县","6528","3"
"2699","652828","和硕县","6528","3"
"2700","652922","温宿县","6529","3"
"2701","652925","新和县","6529","3"
"2702","652928","阿瓦提县","6529","3"
"2703","653022","阿克陶县","6530","3"
"2704","653101","喀什市","6531","3"
"2705","653123","英吉沙县","6531","3"
"2706","653126","叶城县","6531","3"
"2707","653129","伽师县","6531","3"
"2708","653201","和田市","6532","3"
"2709","653223","皮山县","6532","3"
"2710","653226","于田县","6532","3"
"2711","654003","奎屯市","6540","3"
"2712","654022","察布查尔锡伯自治县","6540","3"
"2713","654026","昭苏县","6540","3"
"2714","654301","阿勒泰市","6543","3"
"2715","654323","福海县","6543","3"
"2716","654326","吉木乃县","6543","3"
"2717","659003","图木舒克市","6590","3"
"2718","620102","城关区","6201","3"
"2719","620105","安宁区","6201","3"
"2720","620321","永昌县","6203","3"
"2721","620403","平川区","6204","3"
"2722","620423","景泰县","6204","3"
"2723","620503","麦积区","6205","3"
"2724","620523","甘谷县","6205","3"
"2725","620602","凉州区","6206","3"
"2726","620623","天祝藏族自治县","6206","3"
"2727","620722","民乐县","6207","3"
"2728","620725","山丹县","6207","3"
"2729","620821","泾川县","6208","3"
"2730","620824","华亭县","6208","3"
"2731","620902","肃州区","6209","3"
"2732","620923","肃北蒙古族自治县","6209","3"
"2733","621002","西峰区","6210","3"
"2734","621023","华池县","6210","3"
"2735","621026","宁县","6210","3"
"2736","621102","安定区","6211","3"
"2737","621123","渭源县","6211","3"
"2738","621126","岷县","6211","3"
"2739","621221","成县","6212","3"
"2740","621224","康县","6212","3"
"2741","621227","徽县","6212","3"
"2742","622921","临夏县","6229","3"
"2743","622924","广河县","6229","3"
"2744","622927","积石山保安族东乡族撒拉族自治县","6229","3"
"2745","623023","舟曲县","6230","3"
"2746","623026","碌曲县","6230","3"
"2747","130636","顺平县","1306","3"
"2748","131023","永清县","1310","3"
"2749","140428","长子县","1404","3"
"2750","141025","古县","1410","3"
"2751","150428","喀喇沁旗","1504","3"
"2752","120106","红桥区","12","3"
"2753","130404","复兴区","1304","3"
"2754","350104","仓山区","3501","3"
"2755","350629","华安县","3506","3"
"2756","360521","分宜县","3605","3"
"2757","361128","鄱阳县","3611","3"
"2758","370611","福山区","3706","3"
"2759","371326","平邑县","3713","3"
"2760","410303","西工区","4103","3"
"2761","150785","根河市","1507","3"
"2762","210522","桓仁满族自治县","2105","3"
"2763","220281","蛟河市","2202","3"
"2764","230111","呼兰区","2301","3"
"2765","230402","向阳区","2304","3"
"2766","230904","茄子河区","2309","3"
"2767","320106","鼓楼区","3201","3"
"2768","320724","灌南县","3207","3"
"2769","330182","建德市","3301","3"
"2770","330324","永嘉县","3303","3"
"2771","340321","怀远县","3403","3"
"2772","431224","溆浦县","4312","3"
"2773","440233","新丰县","4402","3"
"2774","450203","鱼峰区","4502","3"
"2775","450722","浦北县","4507","3"
"2776","440883","吴川市","4408","3"
"2777","411081","禹州市","4110","3"
"2778","411628","鹿邑县","4116","3"
"2779","420881","钟祥市","4208","3"
"2780","420921","孝昌县","4209","3"
"2781","513329","新龙县","5133","3"
"2782","431322","新化县","4313","3"
"2783","530326","会泽县","5303","3"
"2784","532322","双柏县","5323","3"
"2785","540523","桑日县","5405","3"
"2786","610222","宜君县","6102","3"
"2787","610625","志丹县","6106","3"
"2788","630122","湟中县","6301","3"
"2789","640302","利通区","6403","3"
"2790","620521","清水县","6205","3"
"2791","622926","东乡族自治县","6229","3"
"2792","652926","拜城县","6529","3"
"2793","141126","石楼县","1411","3"
"2794","210104","大东区","2101","3"
"2795","220183","德惠市","2201","3"
"2796","130207","丰南区","1302","3"
"2797","350303","涵江区","3503","3"
"2798","230305","梨树区","2303","3"
"2799","320611","港闸区","3206","3"
"2800","330802","柯城区","3308","3"
"2801","330922","嵊泗县","3309","3"
"2802","431103","冷水滩区","4311","3"
"2803","440513","潮阳区","4405","3"
"2804","450902","玉州区","4509","3"
"2805","441223","广宁县","4412","3"
"2806","420205","铁山区","4202","3"
"2807","520203","六枝特区","5202","3"
"2808","520423","镇宁布依族苗族自治县","5204","3"
"2809","532503","蒙自市","5325","3"
"2810","610830","清涧县","6108","3"
"2811","632624","达日县","6326","3"
"2812","130802","双桥区","1308","3"
"2813","370702","潍城区","3707","3"
"2814","410328","洛宁县","4103","3"
"2815","620122","皋兰县","6201","3"
"2816","500103","渝中区","50","3"
"2817","500104","大渡口区","50","3"
"2818","500105","江北区","50","3"
"2819","500101","万州区","50","3"
"2820","500106","沙坪坝区","50","3"
"2821","500107","九龙坡区","50","3"
"2822","500108","南岸区","50","3"
"2823","500102","涪陵区","50","3"
"2824","500232","武隆区","50","3"
"2825","500113","巴南区","50","3"
"2826","500119","南川区","50","3"
"2827","500226","荣昌区","50","3"
"2828","500233","忠县","50","3"
"2829","500120","北部新区","50","3"
"2830","500127","璧山区","50","3"
"2831","500114","黔江区","50","3"
"2832","500228","梁平区","50","3"
"2833","500222","綦江区","50","3"
"2834","500115","长寿区","50","3"
"2835","500234","开州区","50","3"
"2836","500116","江津区","50","3"
"2837","500229","城口县","50","3"
"2838","500223","潼南区","50","3"
"2839","500109","北碚区","50","3"
"2840","500230","丰都县","50","3"
"2841","500110","万盛区","50","3"
"2842","500117","合川区","50","3"
"2843","500112","渝北区","50","3"
"2844","500224","铜梁区","50","3"
"2845","500231","垫江县","50","3"
"2846","500118","永川区","50","3"
"2847","500225","大足区","50","3"
"2848","500241","秀山县","50","3"
"2849","500236","奉节县","50","3"
"2850","500242","酉阳县","50","3"
"2851","500243","彭水县","50","3"
"2852","500237","巫山县","50","3"
"2853","500238","巫溪县","50","3"
"2854","500235","云阳县","50","3"
"2855","500240","石柱县","50","3"
